case,Tstar,month,obs,nowcast,mu_naive,sd_naive,z_naive,mu_naive_matched,sd_naive_matched,z_naive_matched,mu_nowcast,sd_nowcast,z_nowcast
Hyundai/Kia engine fires,24204,2017-01,0.0,0.0,1.0,1.224744871391589,-0.8164965809277261,0.4,1.0,-0.4,1.060314948234606,1.7385951158682342,-0.6098688179651862
Hyundai/Kia engine fires,24205,2017-02,0.0,0.0,3.6,2.302172886644268,-1.5637400739470495,1.0,1.224744871391589,-0.8164965809277261,3.7153787698311076,3.136512761371682,-1.1845571985513847
Hyundai/Kia engine fires,24206,2017-03,2.0,4.268449197984737,1.6,2.073644135332772,0.19289712886816482,1.0,1.7320508075688772,0.5773502691896258,1.6293178365010381,2.530120878076942,1.0430850890766976
Hyundai/Kia engine fires,24207,2017-04,4.0,8.526282817643049,1.8,1.6431676725154984,1.338877362790406,1.0,1.0,3.0,1.8374371297529293,2.1897097810258837,3.0546722428012267
Hyundai/Kia engine fires,24208,2017-05,6.0,12.826384756564503,2.0,1.4142135623730951,2.82842712474619,1.2,1.0954451150103321,4.3817804600413295,2.08585035835853,2.1116312509891673,5.086368367192285
Hyundai/Kia engine fires,24209,2017-06,2.0,4.2759177723232655,2.0,1.4142135623730951,0.0,0.8,1.0,1.2,2.0257953114895377,2.0811215936950034,1.0812066280272772
Hyundai/Kia engine fires,24210,2017-07,5.0,10.685857876041215,1.8,1.4832396974191326,2.157439559882375,0.6,1.0,4.4,1.8913424223853201,2.19634619498361,4.004157210617484
Hyundai/Kia engine fires,24211,2017-08,7.0,14.996705093271911,2.6,1.8165902124584952,2.422120283277993,1.6,1.51657508881031,3.5606545563372505,2.711727139897177,2.650720870212446,4.6345800085657975
Hyundai/Kia engine fires,24212,2017-09,3.0,6.412829677371899,2.2,1.9235384061671346,0.41590019592802896,0.8,1.0954451150103324,2.008316044185609,2.2299661176895222,2.5398984586399838,1.6468625135203778
Hyundai/Kia engine fires,24213,2017-10,2.0,4.291399595299478,2.8,3.1144823004794873,-0.25686451962717416,2.2,2.7748873851023217,-0.07207499701564478,2.8691081404380996,3.680338281824905,0.38645671836343587
Hyundai/Kia engine fires,24214,2017-11,3.0,6.463481285940689,2.2,1.6431676725154984,0.4868644955601475,1.4,1.6733200530681511,0.9561828874675149,2.239106918864261,2.294450102347649,1.8411271453469862
Hyundai/Kia engine fires,24215,2017-12,1.0,2.1577554511691712,2.8,2.387467277262665,-0.7539370349250517,1.2,1.0954451150103321,-0.18257418583505533,2.9491737969703946,3.201843158965085,-0.24717586293546914
Hyundai/Kia engine fires,24216,2018-01,3.0,6.494181063383506,1.2,1.3038404810405297,1.380536979925267,0.4,1.0,2.6,1.2607045090727254,1.8293841824912156,2.860785943379015
Hyundai/Kia engine fires,24217,2018-02,2.0,4.327105280999754,4.4,2.0976176963403033,-1.144155107094711,1.0,1.224744871391589,0.8164965809277261,4.508050123090651,3.1230439874133333,-0.05793861464012409
Hyundai/Kia engine fires,24218,2018-03,3.0,6.510464248972868,2.4,2.0736441353327724,0.2893456933022473,1.4,1.6733200530681511,0.9561828874675149,2.4824267991027615,2.7510909821578324,1.4641600281466136
Hyundai/Kia engine fires,24219,2018-04,2.0,4.336106809906293,3.2,1.9235384061671346,-0.6238502938920437,1.8,1.3416407864998738,0.14907119849998596,3.336032912603259,2.9145190117994364,0.34313514279859997
Hyundai/Kia engine fires,24220,2018-05,6.0,13.00077540025851,3.4,2.792848008753788,0.9309493362512629,2.0,2.345207879911715,1.7056057308448833,3.5883309836210984,3.745153331918894,2.5132333932546316
Hyundai/Kia engine fires,24221,2018-06,3.0,6.488622186148868,2.8,1.6733200530681511,0.11952286093343947,0.8,1.0,2.2,2.907577855028322,2.580698959759483,1.3876257506045162
Hyundai/Kia engine fires,24222,2018-07,8.0,17.342896447962683,4.0,4.06201920231798,0.9847319278346618,1.6,1.9493588689617927,3.2831307266724936,4.247015662818615,5.058001770267115,2.589141202386821
Hyundai/Kia engine fires,24223,2018-08,11.0,23.81750418132497,4.4,2.792848008753788,2.3631790843301284,3.0,2.5495097567963922,3.1378581622109447,4.612470074952411,3.932168760628351,4.884081857998292
Hyundai/Kia engine fires,24224,2018-09,5.0,10.796588090343999,3.0,2.1213203435596424,0.9428090415820635,1.4,1.3416407864998738,2.6832815729997477,3.0999809556710334,2.9400252164610454,2.6178711296692523
Hyundai/Kia engine fires,24225,2018-10,15.0,32.46560327291864,4.0,2.5495097567963922,4.314554973040049,2.6,2.5099800796022267,4.940278251915494,4.1119042297072355,3.3943824484131153,8.353124456104483
Hyundai/Kia engine fires,24226,2018-11,11.0,23.808908140356017,3.2,1.7888543819998317,4.36033255612459,2.0,1.5811388300841898,5.692099788303082,3.305755357128612,2.6749074008163847,7.66499534786506
Hyundai/Kia engine fires,24227,2018-12,11.0,23.766598674775256,4.0,2.1213203435596424,3.299831645537222,1.4,1.1832159566199232,8.11348084539376,4.156593697231159,3.1896896890693434,6.147935031029841
Hyundai/Kia engine fires,24228,2019-01,14.0,30.27759846117453,2.2,2.4899799195977463,4.7389940405247435,0.8,1.3038404810405297,10.12393785278529,2.3317017858057905,3.179067154360411,8.790596523586526
Hyundai/Kia engine fires,24229,2019-02,6.0,12.989531339214814,5.2,2.280350850198276,0.35082320772281156,1.4,1.1832159566199232,3.8877095717511763,5.343389142915517,3.4011792251492547,2.2480856462257615
Hyundai/Kia engine fires,24230,2019-03,9.0,19.510281706996796,3.4,2.4083189157584592,2.3252734359047187,2.0,1.5811388300841898,4.427188724235731,3.543084358266743,3.288112986498496,4.856036703815791
Hyundai/Kia engine fires,24231,2019-04,8.0,17.259226050031906,4.4,2.0976176963403033,1.716232660642066,2.0,1.4142135623730951,4.242640687119285,4.571371389261803,3.2712646767059947,3.878577832945685
Hyundai/Kia engine fires,24232,2019-05,9.0,19.28888266988865,5.6,4.929503017546495,0.6897247020435425,2.8,2.9495762407505253,2.1019968612245123,5.892042343026345,6.012037292796421,2.2283361985984853
Hyundai/Kia engine fires,24233,2019-06,17.0,36.22575525716747,4.6,4.560701700396551,2.718879859851791,1.2,1.3038404810405297,12.118046823788454,4.855234665731895,5.544301215349126,5.658155892502346
Hyundai/Kia engine fires,24234,2019-07,15.0,31.859175069230968,8.4,8.648699324175862,0.7631205286037523,3.0,3.391164991562634,3.5386069477175313,8.86602075727107,9.985152459301714,2.302734425505994
Hyundai/Kia engine fires,24235,2019-08,10.0,21.10311396803469,8.0,7.745966692414834,0.2581988897471611,5.2,3.768288736283355,1.2737877418422605,8.419314559005159,9.065215927647007,1.3991723429716225
Hyundai/Kia engine fires,24236,2019-09,7.0,14.70828799279657,6.4,7.3348483283569,0.08180128247238172,2.4,1.8165902124584952,2.532216659790629,6.753335630636151,8.483577241448758,0.9376884462481697
Hyundai/Kia engine fires,24237,2019-10,13.0,27.183495458350198,8.2,8.67179335547152,0.5535187248173311,5.4,5.856620185738529,1.2976767758487702,8.615924554540378,9.97005814927007,1.862333260831502
Hyundai/Kia engine fires,24238,2019-11,6.0,12.450531712159911,5.2,4.604345773288535,0.17374889710522773,4.2,3.96232255123179,0.45427901861256187,5.435260972283285,5.5984851419510235,1.2530658851461853
Hyundai/Kia engine fires,24239,2019-12,9.0,18.593405907725693,8.6,8.203657720797473,0.04875873831083199,3.4,4.277849927241487,1.3090688301941165,8.99828756155693,9.513143088463544,1.0086170529490541
Hyundai/Kia engine fires,24240,2020-01,8.0,16.559438208981533,5.8,6.220932405998316,0.35364473625830223,3.6,5.9413803110051795,0.740568650663535,6.082829384862639,7.208266348746341,1.4534158863234823
Hyundai/Kia engine fires,24241,2020-02,7.0,14.452703068965292,7.4,4.878524367060187,-0.08199200616907885,2.0,2.345207879911715,2.1320071635561044,7.674931896475643,6.120827159311659,1.1073292867253368
Hyundai/Kia engine fires,24242,2020-03,3.0,6.181475749220063,7.0,7.106335201775948,-0.5628780357842335,3.6,3.361547262794322,-0.17848923519261892,7.315476465255552,8.199184642721882,-0.13830652259332887
Hyundai/Kia engine fires,24243,2020-04,5.0,10.249917140097502,6.6,4.774934554525329,-0.3350831266333563,3.2,2.9495762407505253,0.6102571532587293,6.844853875867858,5.846688939697353,0.5823917262145133
Hyundai/Kia engine fires,24244,2020-05,2.0,4.08934157281733,9.2,6.906518659932803,-1.0424933826313665,4.4,3.7815340802378077,-0.6346630624175341,9.539124711965673,8.09222859299252,-0.6734588718696841
Hyundai/Kia engine fires,24245,2020-06,9.0,18.404305784245224,8.4,8.264381404557755,0.07260071512056587,4.4,7.162401831787993,0.6422426593805998,8.75944297104393,9.383258481167694,1.0278799025475684
Hyundai/Kia engine fires,24246,2020-07,8.0,16.32827254513378,11.8,8.843076387773658,-0.42971470938030565,6.0,5.830951894845301,0.34299717028501764,12.165798315700489,9.924903845412752,0.41939693263196376
Hyundai/Kia engine fires,24247,2020-08,4.0,8.134414943942321,11.2,8.438009243891594,-0.853281833651959,6.6,4.03732584763727,-0.6439906260034909,11.55368356714261,9.529446505775015,-0.3588108313665595
Hyundai/Kia engine fires,24248,2020-09,5.0,10.135829147433542,8.6,7.700649323271382,-0.4674930449203537,3.4,2.701851217221259,0.5921865681580842,8.871458711810325,8.556887480978846,0.14776055410729583
Hyundai/Kia engine fires,24249,2020-10,5.0,10.111200441950597,11.0,8.426149773176359,-0.7120689949163119,7.6,6.308724118235002,-0.4121277062163568,11.30903866851996,9.393987050110995,-0.1275111643415785
Hyundai/Kia engine fires,24250,2020-11,5.0,10.086223459629885,6.6,5.319774431308154,-0.30076463215876487,4.6,4.03732584763727,0.09907548092361408,6.788620319820032,6.118730809353116,0.5389358091663591
Hyundai/Kia engine fires,24251,2020-12,10.0,20.15650907595615,11.2,8.043631020876083,-0.14918635587405396,5.0,4.636809247747852,1.078327732034384,11.500491935064716,9.041321194767692,0.9573840984546335
Chevrolet Bolt battery fires,24228,2019-01,0.0,0.0,5.0,2.23606797749979,-2.23606797749979,3.6,1.8973665961010275,-1.8973665961010278,5.070761550770902,3.3115650392289058,-1.531228132530238
Chevrolet Bolt battery fires,24229,2019-02,3.0,6.494765669607407,6.6,5.639148871948674,-0.6383942119187177,2.6,1.9493588689617927,0.2051956704170308,6.606101256635263,6.277767158338656,-0.017734902270144064
Chevrolet Bolt battery fires,24230,2019-03,1.0,2.1678090785551998,7.8,4.08656334834051,-1.6639898663901476,4.2,2.04939015319192,-1.561440116717653,7.8959703969001485,5.006299651874937,-1.1441906630977758
Chevrolet Bolt battery fires,24231,2019-04,2.0,4.314806512507976,5.4,3.7815340802378077,-0.8991060050915067,2.2,1.7888543819998317,-0.11180339887498959,5.501344527186214,4.510074029904713,-0.26308615042917743
Chevrolet Bolt battery fires,24232,2019-05,1.0,2.143209185543183,7.6,3.7815340802378077,-1.7453234216482185,4.8,2.8635642126552705,-1.3270175619621987,7.772824035350607,4.796780039573019,-1.1736237232817828
Chevrolet Bolt battery fires,24233,2019-06,5.0,10.654633899166903,6.8,6.016643582596529,-0.2991701228915401,2.8,3.0331501776206204,0.7253185207353657,6.883479860064922,6.5838858773084326,0.5727854506256527
Chevrolet Bolt battery fires,24234,2019-07,2.0,4.247890009230796,6.2,3.96232255123179,-1.0599843767626445,2.6,2.302172886644268,-0.2606233456578416,6.312958223207607,4.737072769879141,-0.43593761681425436
Chevrolet Bolt battery fires,24235,2019-08,3.0,6.3309341904104075,7.6,3.9115214431215892,-1.1760129828993013,5.2,2.280350850198276,-0.9647638212377322,7.708301126195951,4.815775596709017,-0.28601144470411005
Chevrolet Bolt battery fires,24236,2019-09,1.0,2.1011839989709387,6.2,5.263078946776307,-0.9880148203334583,2.8,1.9235384061671346,-0.9357754408380653,6.308558689477713,5.880439034315441,-0.7154864910518652
Chevrolet Bolt battery fires,24237,2019-10,1.0,2.0910381121807844,6.4,4.979959839195493,-1.0843460940183736,3.2,2.280350850198276,-0.9647638212377322,6.475827578058771,5.600127214130321,-0.7829803320921395
Chevrolet Bolt battery fires,24238,2019-11,1.0,2.0750886186933184,5.0,2.23606797749979,-1.7888543819998317,2.4,1.5491933384829668,-0.9036961141150639,5.063504760166704,3.2414843973897773,-0.9219282819561999
Chevrolet Bolt battery fires,24239,2019-12,2.0,4.131867979494598,5.4,2.8809720581775866,-1.1801572286510598,3.0,2.23606797749979,-0.4472135954999579,5.465850658953166,3.741928779525367,-0.3564960099608772
Chevrolet Bolt battery fires,24240,2020-01,6.0,12.419578656736148,4.6,2.1447610589527217,0.6527533657682197,3.0,2.0,1.5,4.650363096079183,3.1025674919905306,2.5041245938126
Chevrolet Bolt battery fires,24241,2020-02,2.0,4.129343733990083,5.4,4.774934554525329,-0.7120516440958824,2.4,1.8165902124584952,-0.22019275302527205,5.492473620718166,5.369278296746399,-0.25387581186732183
Chevrolet Bolt battery fires,24242,2020-03,1.0,2.0604919164066877,5.6,2.6076809620810595,-1.764019474348952,3.0,1.7320508075688772,-1.1547005383792517,5.659225267813014,3.5250982167949565,-1.0208888178662776
Chevrolet Bolt battery fires,24243,2020-04,0.0,0.0,4.4,2.3021728866442674,-1.9112378681575055,1.8,1.4832396974191326,-1.2135597524338357,4.50750377251983,3.226557593551879,-1.397000872238531
Chevrolet Bolt battery fires,24244,2020-05,1.0,2.044670786408665,5.4,2.32379000772445,-1.893458524812515,3.2,2.0493901531919194,-1.0734900802433867,5.475423186301597,3.345958432535516,-1.0253422058483737
Chevrolet Bolt battery fires,24245,2020-06,2.0,4.0898457298322715,5.2,2.863564212655271,-1.117488473231325,2.2,1.7888543819998317,-0.11180339887498959,5.344719467168757,3.8790467877191075,-0.3235005417592179
Chevrolet Bolt battery fires,24246,2020-07,2.0,4.082068136283445,4.6,2.1447610589527217,-1.2122562507124077,2.0,1.8708286933869707,0.0,4.692891840680612,3.0948912945261005,-0.19736515640388538
Chevrolet Bolt battery fires,24247,2020-08,2.0,4.067207471971161,5.6,2.3664319132398464,-1.5212776585113297,4.6,2.1447610589527217,-1.2122562507124077,5.658692924600432,3.3922763850050024,-0.4691497012637797
Chevrolet Bolt battery fires,24248,2020-09,2.0,4.054331658973417,3.6,2.0736441353327724,-0.7715885154726593,1.8,1.3416407864998738,0.14907119849998596,3.652086024630571,2.844479153066471,0.14141275526987337
Chevrolet Bolt battery fires,24249,2020-10,2.0,4.0444801767802385,3.6,1.9493588689617927,-0.8207826816681234,2.0,1.4142135623730951,0.0,3.6255031770774457,2.7204779584937597,0.15400859925906796
Chevrolet Bolt battery fires,24250,2020-11,1.0,2.0172446919259768,3.8,1.9493588689617927,-1.4363696929192158,2.2,1.4832396974191326,-0.8090398349558906,3.838500076352433,2.7826595019835616,-0.654501703542317
Chevrolet Bolt battery fires,24251,2020-12,2.0,4.03130181519123,4.4,2.0976176963403033,-1.144155107094711,2.2,1.4832396974191326,-0.13483997249264854,4.460761202356953,2.998555880102637,-0.1432220723367087
Chevrolet Bolt battery fires,24252,2021-01,1.0,2.007256209471364,4.8,2.1908902300206643,-1.734454765433026,3.4,2.4083189157584592,-0.9965457582448796,4.886314611190203,3.1317862865690866,-0.9193023208722474
Chevrolet Bolt battery fires,24253,2021-02,3.0,6.005940265316424,4.2,4.024922359499622,-0.29814239699997197,2.0,1.5811388300841898,0.6324555320336759,4.274991969021828,4.535731800797574,0.38162492235326206
Chevrolet Bolt battery fires,24254,2021-03,1.0,1.9985988911903607,4.6,2.8809720581775866,-1.249578242101122,2.4,1.6733200530681511,-0.8366600265340755,4.637168185524057,3.5665765287187248,-0.7398044800349733
Chevrolet Bolt battery fires,24255,2021-04,4.0,7.962615769943256,3.0,2.449489742783178,0.4082482904638631,1.0,1.0,3.0,3.0221559117106156,3.02696786053159,1.6321481052544138
Chevrolet Bolt battery fires,24256,2021-05,2.0,3.966800963805152,4.8,2.6832815729997477,-1.0434983894999017,3.2,2.04939015319192,-0.5855400437691199,4.823776665662955,3.4313426137417777,-0.24974938335385172
Chevrolet Bolt battery fires,24257,2021-06,2.0,3.9647241698883207,4.4,2.792848008753788,-0.8593378488473196,2.0,1.7320508075688772,0.0,4.471384522425322,3.528476292434133,-0.1435918256340274
Chevrolet Bolt battery fires,24258,2021-07,6.0,11.854066164252758,4.8,2.1908902300206643,0.5477225575051662,2.0,1.8708286933869707,2.138089935299395,4.906806584247749,3.1135619983352374,2.2312899449953387
Chevrolet Bolt battery fires,24259,2021-08,3.0,5.915060996357389,5.4,2.4083189157584592,-0.9965457582448797,4.2,2.04939015319192,-0.5855400437691199,5.460808238036633,3.29820718959034,0.1377271748586471
Chevrolet Bolt battery fires,24260,2021-09,0.0,0.0,3.4,2.0736441353327724,-1.639625595379401,1.8,1.3416407864998738,-1.3416407864998738,3.444597998270038,2.7522398763029914,-1.2515616926883104
Chevrolet Bolt battery fires,24261,2021-10,0.0,0.0,3.2,1.7888543819998317,-1.788854381999832,1.8,1.3416407864998738,-1.3416407864998738,3.253221067974411,2.5270907939566305,-1.287338419242503
Chevrolet Bolt battery fires,24262,2021-11,1.0,1.9599757590095388,3.6,1.8973665961010275,-1.3703203194062978,2.0,1.4142135623730951,-0.7071067811865475,3.6564094176495856,2.6770270494724877,-0.6337006041736977
Chevrolet Bolt battery fires,24263,2021-12,2.0,3.9131789754822894,3.8,1.9493588689617927,-0.9233805168766387,1.8,1.3416407864998738,0.14907119849998596,3.850910468850232,2.7449318646525063,0.022684900646865597
Chevrolet Bolt battery fires,24264,2022-01,1.0,1.9537790507972772,4.6,2.1447610589527217,-1.6785086548325645,2.6,2.4083189157584592,-0.6643638388299198,4.694541452894329,3.0285469690537,-0.9049760264914863
Chevrolet Bolt battery fires,24265,2022-02,3.0,5.853677861699995,3.4,2.7928480087537886,-0.14322297480788654,1.8,1.3416407864998738,0.8944271909999159,3.487699578373163,3.412322682350024,0.6933629974576181
Chevrolet Bolt battery fires,24266,2022-03,1.0,1.9518417173868248,3.4,1.8439088914585775,-1.301582746911937,1.6,1.2649110640673518,-0.47434164902525694,3.4438135796634706,2.5926393909856453,-0.575464473564695
Chevrolet Bolt battery fires,24267,2022-04,0.0,0.0,3.6,2.1908902300206647,-1.6431676725154982,1.6,1.6733200530681511,-0.9561828874675149,3.6491280931505194,2.8855232424473756,-1.2646330618551829
Chevrolet Bolt battery fires,24268,2022-05,3.0,5.852109223999234,4.4,2.4083189157584592,-0.5813183589761799,2.6,1.8165902124584952,0.22019275302527205,4.44384171065129,3.14014009867051,0.4484728289493148
Chevrolet Bolt battery fires,24269,2022-06,3.0,5.845702197960397,5.0,2.345207879911715,-0.8528028654224417,2.2,1.6431676725154984,0.4868644955601475,5.062280917036995,3.187055737873159,0.24581348597505476
Chevrolet Bolt battery fires,24270,2022-07,2.0,3.8937903568745993,6.2,2.4899799195977463,-1.6867605906952479,3.2,2.16794833886788,-0.5535187248173311,6.336082880072538,3.5122199830580576,-0.6953700323381956
Chevrolet Bolt battery fires,24271,2022-08,2.0,3.9010332651486244,4.8,2.1908902300206643,-1.2780193008453875,3.6,1.8973665961010275,-0.8432740427115679,4.874012326305689,3.0833167384865705,-0.31556247498421
Chevrolet Bolt battery fires,24272,2022-09,0.0,0.0,2.6,2.0736441353327724,-1.2538313376430714,1.4,1.1832159566199232,-1.1832159566199232,2.621963724812468,2.5939847012890125,-1.0107861174005968
Chevrolet Bolt battery fires,24273,2022-10,1.0,1.942276102896057,3.0,2.0,-1.0,1.6,1.2649110640673518,-0.47434164902525694,3.028481209947173,2.622735881915845,-0.4141496345631531
Chevrolet Bolt battery fires,24274,2022-11,0.0,0.0,3.0,1.7320508075688772,-1.7320508075688774,1.6,1.2649110640673518,-1.2649110640673518,3.047705710040012,2.4273512725230204,-1.2555684644984189
Chevrolet Bolt battery fires,24275,2022-12,3.0,5.756661191431281,3.8,1.9493588689617927,-0.4103913408340616,2.2,1.4832396974191326,0.5393598899705935,3.842753490757925,2.715476010357621,0.704814807191502
"ARC inflator (all makes, air bags)",24252,2021-01,38.0,76.27573595991184,120.0,28.679260799399973,-2.8592089793930673,53.4,7.307530362578044,-2.107415123290297,121.56650804050325,29.062136493846754,-1.5584116498173044
"ARC inflator (all makes, air bags)",24253,2021-02,31.0,62.06138274160305,105.8,26.82722497762301,-2.788212350043353,48.2,8.526429498916883,-2.0172570478868006,107.18753122934075,27.40905478825996,-1.6463956468526761
"ARC inflator (all makes, air bags)",24254,2021-03,34.0,67.95236230047226,111.0,44.55894971832258,-1.7280479115138951,50.4,15.469324484281788,-1.0601626474810752,111.99909041061915,44.66642986486214,-0.9861260065648821
"ARC inflator (all makes, air bags)",24255,2021-04,31.0,61.710272217060236,107.8,39.07300858649101,-1.965551227773963,49.6,19.73068675946177,-0.9426939987824017,108.81692909134226,39.68342283148022,-1.1870613347625112
"ARC inflator (all makes, air bags)",24256,2021-05,38.0,75.36921831229789,118.6,37.56727299126196,-2.145484449157311,53.4,11.588787684654507,-1.3288706652545006,119.74912556975941,37.63297729206187,-1.1792823861114712
"ARC inflator (all makes, air bags)",24257,2021-06,44.0,87.22393173754305,111.6,27.537247502246842,-2.454856825994839,53.6,10.502380682492898,-0.9140784637527819,112.95245152468462,27.871525938512427,-0.9231112729134902
"ARC inflator (all makes, air bags)",24258,2021-07,34.0,67.1730415974323,121.6,38.5914498302409,-2.2699328578050775,60.6,13.011533345459329,-2.044340147603178,122.9259393326768,38.49703926272335,-1.448238586732824
"ARC inflator (all makes, air bags)",24259,2021-08,27.0,53.2355489672165,112.0,25.913317039699876,-3.2801667138860604,55.0,14.508618128546908,-1.9298874470276173,113.29573608513329,26.334455353501507,-2.280669423828847
"ARC inflator (all makes, air bags)",24260,2021-09,31.0,60.97420843871808,108.8,22.982602115513377,-3.385169338483417,52.4,14.39791651594077,-1.4863261622823563,110.18748332424839,23.827652827651857,-2.065384922362919
"ARC inflator (all makes, air bags)",24261,2021-10,40.0,78.5214130544981,114.8,28.252433523503775,-2.6475595434202988,53.2,13.21741275741966,-0.9986825895703466,116.08877987942489,28.591182953787936,-1.313949369833599
"ARC inflator (all makes, air bags)",24262,2021-11,34.0,66.63917580632432,123.6,26.763781496642064,-3.3478079325689354,55.6,11.458621208504974,-1.8850435499139944,125.06413125815439,27.027328548423476,-2.1616992351705453
"ARC inflator (all makes, air bags)",24263,2021-12,45.0,88.04652694835151,110.0,17.204650534085253,-3.7780482591741267,48.0,6.928203230275509,-0.43301270189221935,111.46282662902574,18.604259159919845,-1.258652627841329
"ARC inflator (all makes, air bags)",24264,2022-01,32.0,62.52092962551287,100.0,25.583197610932064,-2.6579945569799546,48.6,6.971370023173351,-2.381167538779375,101.08140251716227,25.980849779713626,-1.48418828554862
"ARC inflator (all makes, air bags)",24265,2022-02,16.0,31.219615262399977,88.2,23.605084198112916,-3.058663099611903,42.0,7.14142842854285,-3.6407282184728254,89.18034080194846,24.203264737645842,-2.394748236149984
"ARC inflator (all makes, air bags)",24266,2022-03,32.0,62.45893495637839,89.0,36.55817282086182,-1.5591588857382146,43.4,12.601587201618692,-0.9046479477232561,89.81238838799345,36.71371669448796,-0.7450472437654831
"ARC inflator (all makes, air bags)",24267,2022-04,23.0,44.839768878656734,92.8,37.936789532062406,-1.839902660740659,45.2,21.18253997989854,-1.048032956438038,93.7435315576735,38.17450059916032,-1.281058348150138
"ARC inflator (all makes, air bags)",24268,2022-05,32.0,62.42249838932516,102.0,36.37993952716249,-1.9241373380441062,49.4,12.973048986263793,-1.3412421411823525,103.05866350936363,36.52218262233162,-1.1126433910111202
"ARC inflator (all makes, air bags)",24269,2022-06,29.0,56.50845458028383,96.2,21.393924371185385,-3.1410786929072714,48.2,6.942621983083913,-2.7655257691952517,97.32200077598785,22.06668506712515,-1.849554931860058
"ARC inflator (all makes, air bags)",24270,2022-07,32.0,62.30064570999359,98.8,36.62239751845856,-1.8240203953422547,53.2,15.833508770957875,-1.3389325326857082,99.73360280303112,36.76400962260618,-1.0181957157910222
"ARC inflator (all makes, air bags)",24271,2022-08,42.0,81.92169856812112,97.6,24.774987386475093,-2.244198922593703,47.4,17.586926962946084,-0.3070462515354311,98.6814909298858,25.219283510486658,-0.66456258976571
"ARC inflator (all makes, air bags)",24272,2022-09,41.0,79.55569231062407,92.6,22.345021816950638,-2.309239186370224,44.6,12.973048986263793,-0.27749837403772826,93.57362146045236,22.88239747853137,-0.6126075365564354
"ARC inflator (all makes, air bags)",24273,2022-10,30.0,58.2682830868817,100.6,24.63331078032346,-2.8660378066757355,49.2,13.663820841916802,-1.4051706489812676,101.72551610193884,25.128467917965065,-1.7294024115170312
"ARC inflator (all makes, air bags)",24274,2022-11,24.0,46.39844993544425,105.2,31.11591232793922,-2.609597274353093,49.6,13.612494260788505,-1.8806252189756383,106.19789537995435,31.312122314825878,-1.9097857642244789
"ARC inflator (all makes, air bags)",24275,2022-12,29.0,55.647724850502385,101.0,15.7797338380595,-4.562814603776241,47.8,6.913754406977442,-2.719217214459747,102.19908713773077,17.23177123486809,-2.7014844645240403
"ARC inflator (all makes, air bags)",24276,2023-01,34.0,65.2671709018344,87.6,27.78128866701471,-1.929356144793973,44.6,9.370165420097983,-1.1312500393284581,88.3949873813665,28.20202467869484,-0.8200764570284189
"ARC inflator (all makes, air bags)",24277,2023-02,32.0,61.23912624194497,75.6,20.767763480933617,-2.0994075765562386,35.0,11.76860229593982,-0.25491557319725244,76.3283369632401,21.495398716459093,-0.7019739861694808
"ARC inflator (all makes, air bags)",24278,2023-03,34.0,65.04887434065108,74.6,27.94279871451677,-1.4529682733214404,37.8,9.121403400793104,-0.41660255917083855,75.38550751334824,28.61166415147459,-0.36127339947699033
"ARC inflator (all makes, air bags)",24279,2023-04,35.0,66.75727566465004,78.4,38.7401600409704,-1.120284478796719,39.8,23.015212360523634,-0.2085577106485056,79.07512823624499,39.102375056906695,-0.3150154575948
"ARC inflator (all makes, air bags)",24280,2023-05,39.0,74.48639514053686,87.0,32.03123475609393,-1.4985372985307106,42.6,10.830512453249845,-0.3323942440895095,87.84488130068296,32.510870202231274,-0.4108929129565189
"ARC inflator (all makes, air bags)",24281,2023-06,43.0,82.14573487203573,83.8,21.48720549536398,-1.898804384255686,43.2,8.5848704125339,-0.02329679894853195,84.60450165228356,22.192383206915828,-0.110793273409302
