channel,d,F,n
EVOQ,0,0.3964822298342599,383311
EVOQ,1,0.5811208131256342,383311
EVOQ,2,0.6603567338271012,383311
EVOQ,3,0.7109448985288708,383311
EVOQ,4,0.7467226351448302,383311
EVOQ,5,0.7760147765130664,383311
EVOQ,6,0.8024763181854943,383311
EVOQ,7,0.8220765905491885,383311
EVOQ,8,0.838274925582621,383311
EVOQ,9,0.8518018006266452,383311
EVOQ,10,0.8633172541356757,383311
EVOQ,11,0.8732987052289133,383311
EVOQ,12,0.8992149977433468,383311
EVOQ,13,0.9104356514683899,383311
EVOQ,14,0.9182100174531908,383311
EVOQ,15,0.9249538886178587,383311
EVOQ,16,0.9308446666023151,383311
EVOQ,17,0.9363493351351775,383311
EVOQ,18,0.9416192073799082,383311
EVOQ,19,0.9461403403502638,383311
EVOQ,20,0.9499962171709134,383311
EVOQ,21,0.953572947293451,383311
EVOQ,22,0.9568992280419816,383311
EVOQ,23,0.9601707229899481,383311
EVOQ,24,0.9706869878505965,383311
EVOQ,25,0.9741958879343405,383311
EVOQ,26,0.9771934538794869,383311
EVOQ,27,0.9798701315641868,383311
EVOQ,28,0.9823120129607551,383311
EVOQ,29,0.9845321423074214,383311
EVOQ,30,0.9865722611665201,383311
EVOQ,31,0.9884897641862613,383311
EVOQ,32,0.9901176851173068,383311
EVOQ,33,0.9918760484306477,383311
EVOQ,34,0.9934752720375882,383311
EVOQ,35,0.9950614514062993,383311
EVOQ,36,1.0,383311
IVOQ,0,0.5017476483848938,817098
IVOQ,1,0.6741737221239068,817098
IVOQ,2,0.7349608002956806,817098
IVOQ,3,0.7720652847026918,817098
IVOQ,4,0.7983766941052358,817098
IVOQ,5,0.8193619370014368,817098
IVOQ,6,0.8367037980756287,817098
IVOQ,7,0.8514058289213778,817098
IVOQ,8,0.8637152459068558,817098
IVOQ,9,0.8744410095239494,817098
IVOQ,10,0.8836957133660834,817098
IVOQ,11,0.8920937268234654,817098
IVOQ,12,0.9088799629909754,817098
IVOQ,13,0.918854286756301,817098
IVOQ,14,0.9261080066283359,817098
IVOQ,15,0.932452410849127,817098
IVOQ,16,0.938074747459913,817098
IVOQ,17,0.9431561452848986,817098
IVOQ,18,0.9475179231866924,817098
IVOQ,19,0.9514586989565511,817098
IVOQ,20,0.9549209519543556,817098
IVOQ,21,0.9584652024604148,817098
IVOQ,22,0.9618234287686422,817098
IVOQ,23,0.9649442294559527,817098
IVOQ,24,0.97235704897087,817098
IVOQ,25,0.9760738613972865,817098
IVOQ,26,0.9791053215159014,817098
IVOQ,27,0.9817145556591743,817098
IVOQ,28,0.9840949310853777,817098
IVOQ,29,0.9862244186131897,817098
IVOQ,30,0.9882254025832886,817098
IVOQ,31,0.990068510753912,817098
IVOQ,32,0.9917194755096695,817098
IVOQ,33,0.9932468320813416,817098
IVOQ,34,0.9947680694359795,817098
IVOQ,35,0.9961962946917016,817098
IVOQ,36,1.0,817098
MAVQ,0,0.5794871794871795,195
MAVQ,1,0.7076923076923077,195
MAVQ,2,0.764102564102564,195
MAVQ,3,0.8102564102564103,195
MAVQ,4,0.8358974358974359,195
MAVQ,5,0.8461538461538461,195
MAVQ,6,0.8512820512820513,195
MAVQ,7,0.8666666666666667,195
MAVQ,8,0.882051282051282,195
MAVQ,9,0.882051282051282,195
MAVQ,10,0.8974358974358975,195
MAVQ,11,0.8974358974358975,195
MAVQ,12,0.9230769230769231,195
MAVQ,13,0.9282051282051282,195
MAVQ,14,0.9333333333333333,195
MAVQ,15,0.9333333333333333,195
MAVQ,16,0.9384615384615385,195
MAVQ,17,0.9487179487179487,195
MAVQ,18,0.9538461538461539,195
MAVQ,19,0.958974358974359,195
MAVQ,20,0.958974358974359,195
MAVQ,21,0.958974358974359,195
MAVQ,22,0.9641025641025641,195
MAVQ,23,0.9743589743589743,195
MAVQ,24,0.9743589743589743,195
MAVQ,25,0.9743589743589743,195
MAVQ,26,0.9794871794871794,195
MAVQ,27,0.9794871794871794,195
MAVQ,28,0.9794871794871794,195
MAVQ,29,0.9794871794871794,195
MAVQ,30,0.9794871794871794,195
MAVQ,31,0.9846153846153847,195
MAVQ,32,0.9897435897435898,195
MAVQ,33,0.9948717948717949,195
MAVQ,34,0.9948717948717949,195
MAVQ,35,0.9948717948717949,195
MAVQ,36,1.0,195
VOQ,0,0.2736721466961745,25304
VOQ,1,0.4478343344925703,25304
VOQ,2,0.5523632627252608,25304
VOQ,3,0.617767941827379,25304
VOQ,4,0.6679181157129308,25304
VOQ,5,0.7055406259879861,25304
VOQ,6,0.7398039835599115,25304
VOQ,7,0.7659263357571925,25304
VOQ,8,0.7926019601644009,25304
VOQ,9,0.8170644957319001,25304
VOQ,10,0.8371798925071136,25304
VOQ,11,0.8567815365159659,25304
VOQ,12,0.8749209611128675,25304
VOQ,13,0.8922304773948783,25304
VOQ,14,0.9065760354094214,25304
VOQ,15,0.9195384128991464,25304
VOQ,16,0.9297344293392349,25304
VOQ,17,0.9378754347138792,25304
VOQ,18,0.9455817262092949,25304
VOQ,19,0.9517467594056276,25304
VOQ,20,0.9589392981346823,25304
VOQ,21,0.9632469174834019,25304
VOQ,22,0.9679102118242175,25304
VOQ,23,0.9718621561808409,25304
VOQ,24,0.9758536199810307,25304
VOQ,25,0.9794894087891243,25304
VOQ,26,0.9829671198229529,25304
VOQ,27,0.985338286436927,25304
VOQ,28,0.9883022447043945,25304
VOQ,29,0.989883022447044,25304
VOQ,30,0.9918985140689219,25304
VOQ,31,0.99359785014227,25304
VOQ,32,0.9951391084413531,25304
VOQ,33,0.9963642111919064,25304
VOQ,34,0.9977869111602908,25304
VOQ,35,0.9990120139108442,25304
VOQ,36,1.0,25304
