severity,label,d,F,n
0,Y0 none,0,0.46505826944021106,1103666
0,Y0 none,1,0.6352927425507354,1103666
0,Y0 none,2,0.7015981284192863,1103666
0,Y0 none,3,0.7435764080799807,1103666
0,Y0 none,4,0.7737241158103991,1103666
0,Y0 none,5,0.7980648130865678,1103666
0,Y0 none,6,0.8191336871843474,1103666
0,Y0 none,7,0.8360871857971524,1103666
0,Y0 none,8,0.8501539415004177,1103666
0,Y0 none,9,0.8623106990701898,1103666
0,Y0 none,10,0.8727413909642954,1103666
0,Y0 none,11,0.8820132177669694,1103666
0,Y0 none,12,0.902490427357552,1103666
0,Y0 none,13,0.9132463988199329,1103666
0,Y0 none,14,0.9209769984759882,1103666
0,Y0 none,15,0.9277852176292465,1103666
0,Y0 none,16,0.9337607573305692,1103666
0,Y0 none,17,0.9392053392964901,1103666
0,Y0 none,18,0.9440564446127724,1103666
0,Y0 none,19,0.9483149793506369,1103666
0,Y0 none,20,0.952050710994087,1103666
0,Y0 none,21,0.955669559450051,1103666
0,Y0 none,22,0.9591443425819043,1103666
0,Y0 none,23,0.9624107293329685,1103666
0,Y0 none,24,0.9711334769758242,1103666
0,Y0 none,25,0.9749045453968864,1103666
0,Y0 none,26,0.9780268668238398,1103666
0,Y0 none,27,0.9807206165633443,1103666
0,Y0 none,28,0.9831733513581101,1103666
0,Y0 none,29,0.9853615133563959,1103666
0,Y0 none,30,0.9874192010988831,1103666
0,Y0 none,31,0.9893083595942975,1103666
0,Y0 none,32,0.9909836852815979,1103666
0,Y0 none,33,0.9926010224107655,1103666
0,Y0 none,34,0.994173962050113,1103666
0,Y0 none,35,0.9956871009888861,1103666
0,Y0 none,36,1.0,1103666
1,Y1 crash/fire,0,0.47864914066195546,69763
1,Y1 crash/fire,1,0.705846938921778,69763
1,Y1 crash/fire,2,0.7805856972893941,69763
1,Y1 crash/fire,3,0.8192021558705904,69763
1,Y1 crash/fire,4,0.8439143958832046,69763
1,Y1 crash/fire,5,0.8630362799764918,69763
1,Y1 crash/fire,6,0.8778865587775755,69763
1,Y1 crash/fire,7,0.8892822843054341,69763
1,Y1 crash/fire,8,0.900090305749466,69763
1,Y1 crash/fire,9,0.9087481903014492,69763
1,Y1 crash/fire,10,0.9159726502587331,69763
1,Y1 crash/fire,11,0.9231827759700701,69763
1,Y1 crash/fire,12,0.9360119260926278,69763
1,Y1 crash/fire,13,0.9442541175121483,69763
1,Y1 crash/fire,14,0.9497728022017402,69763
1,Y1 crash/fire,15,0.9540444074939438,69763
1,Y1 crash/fire,16,0.9577283087023207,69763
1,Y1 crash/fire,17,0.9611685277295988,69763
1,Y1 crash/fire,18,0.9644080673136189,69763
1,Y1 crash/fire,19,0.9675329329300633,69763
1,Y1 crash/fire,20,0.9701274314464687,69763
1,Y1 crash/fire,21,0.9726932614709803,69763
1,Y1 crash/fire,22,0.9748003956251882,69763
1,Y1 crash/fire,23,0.976907529779396,69763
1,Y1 crash/fire,24,0.9812364720553876,69763
1,Y1 crash/fire,25,0.9836876281123231,69763
1,Y1 crash/fire,26,0.985780428020584,69763
1,Y1 crash/fire,27,0.987586543009905,69763
1,Y1 crash/fire,28,0.9894643292289609,69763
1,Y1 crash/fire,29,0.990983759299342,69763
1,Y1 crash/fire,30,0.9924028496480942,69763
1,Y1 crash/fire,31,0.9937216002752175,69763
1,Y1 crash/fire,32,0.9948253372131359,69763
1,Y1 crash/fire,33,0.9960150796267362,69763
1,Y1 crash/fire,34,0.9971761535484426,69763
1,Y1 crash/fire,35,0.9979645370755271,69763
1,Y1 crash/fire,36,1.0,69763
2,Y2 injury,0,0.4333386113530203,50524
2,Y2 injury,1,0.6701963423323569,50524
2,Y2 injury,2,0.7522167682685457,50524
2,Y2 injury,3,0.7963344153273691,50524
2,Y2 injury,4,0.8240044335365371,50524
2,Y2 injury,5,0.8452022801045048,50524
2,Y2 injury,6,0.8617488718232919,50524
2,Y2 injury,7,0.8742379859076874,50524
2,Y2 injury,8,0.886469796532341,50524
2,Y2 injury,9,0.8965640091837542,50524
2,Y2 injury,10,0.9052331565196738,50524
2,Y2 injury,11,0.9135460375267199,50524
2,Y2 injury,12,0.9250059377721479,50524
2,Y2 injury,13,0.9331406856147574,50524
2,Y2 injury,14,0.9395336869606523,50524
2,Y2 injury,15,0.944778719024622,50524
2,Y2 injury,16,0.9493508035784973,50524
2,Y2 injury,17,0.9533093183437574,50524
2,Y2 injury,18,0.9569907370754492,50524
2,Y2 injury,19,0.9604940226427044,50524
2,Y2 injury,20,0.9637795898978703,50524
2,Y2 injury,21,0.9674412160557359,50524
2,Y2 injury,22,0.9701725912437653,50524
2,Y2 injury,23,0.9727654184150107,50524
2,Y2 injury,24,0.9773770881165387,50524
2,Y2 injury,25,0.9798907449924789,50524
2,Y2 injury,26,0.9821866835563297,50524
2,Y2 injury,27,0.9844034518248753,50524
2,Y2 injury,28,0.9865014646504632,50524
2,Y2 injury,29,0.988401551737788,50524
2,Y2 injury,30,0.9901235056606761,50524
2,Y2 injury,31,0.9920631778956536,50524
2,Y2 injury,32,0.9936267912279313,50524
2,Y2 injury,33,0.995190404560209,50524
2,Y2 injury,34,0.9964373367112659,50524
2,Y2 injury,35,0.9977634391576281,50524
2,Y2 injury,36,1.0,50524
3,Y3 fatality,0,0.22301790281329922,1955
3,Y3 fatality,1,0.4255754475703325,1955
3,Y3 fatality,2,0.5074168797953964,1955
3,Y3 fatality,3,0.5687979539641944,1955
3,Y3 fatality,4,0.6158567774936061,1955
3,Y3 fatality,5,0.6465473145780051,1955
3,Y3 fatality,6,0.6751918158567775,1955
3,Y3 fatality,7,0.7023017902813299,1955
3,Y3 fatality,8,0.7268542199488491,1955
3,Y3 fatality,9,0.7457800511508952,1955
3,Y3 fatality,10,0.7631713554987213,1955
3,Y3 fatality,11,0.7774936061381074,1955
3,Y3 fatality,12,0.7979539641943734,1955
3,Y3 fatality,13,0.8148337595907928,1955
3,Y3 fatality,14,0.830690537084399,1955
3,Y3 fatality,15,0.8409207161125319,1955
3,Y3 fatality,16,0.8552429667519181,1955
3,Y3 fatality,17,0.8659846547314578,1955
3,Y3 fatality,18,0.8731457800511508,1955
3,Y3 fatality,19,0.8808184143222506,1955
3,Y3 fatality,20,0.8905370843989769,1955
3,Y3 fatality,21,0.8997442455242967,1955
3,Y3 fatality,22,0.9089514066496164,1955
3,Y3 fatality,23,0.9207161125319693,1955
3,Y3 fatality,24,0.9345268542199489,1955
3,Y3 fatality,25,0.9416879795396419,1955
3,Y3 fatality,26,0.9452685421994885,1955
3,Y3 fatality,27,0.948849104859335,1955
3,Y3 fatality,28,0.9549872122762149,1955
3,Y3 fatality,29,0.9621483375959079,1955
3,Y3 fatality,30,0.9677749360613811,1955
3,Y3 fatality,31,0.9728900255754476,1955
3,Y3 fatality,32,0.9769820971867008,1955
3,Y3 fatality,33,0.9805626598465473,1955
3,Y3 fatality,34,0.9867007672634271,1955
3,Y3 fatality,35,0.9938618925831202,1955
3,Y3 fatality,36,1.0,1955
