stream,cohort,cohort_p,h,C_obs,F_hat_h,N_hat,implied_missing,mature
all,2022-07,24270,36,4900.0,1.0,4900.0,0.0,True
all,2022-08,24271,36,5216.0,1.0,5216.0,0.0,True
all,2022-09,24272,36,4781.0,1.0,4781.0,0.0,True
all,2022-10,24273,36,4424.0,1.0,4424.0,0.0,True
all,2022-11,24274,36,4150.0,1.0,4150.0,0.0,True
all,2022-12,24275,36,4404.0,1.0,4404.0,0.0,True
all,2023-01,24276,36,5238.0,1.0,5238.0,0.0,True
all,2023-02,24277,36,4550.0,1.0,4550.0,0.0,True
all,2023-03,24278,36,5074.0,1.0,5074.0,0.0,True
all,2023-04,24279,36,4712.0,1.0,4712.0,0.0,True
all,2023-05,24280,36,5536.0,1.0,5536.0,0.0,True
all,2023-06,24281,36,5684.0,1.0,5684.0,0.0,True
all,2023-07,24282,35,5983.0,0.996893217083907,6001.645810673041,18.645810673040614,False
all,2023-08,24283,34,5911.0,0.9959574186221914,5934.992690929783,23.99269092978284,False
all,2023-09,24284,33,5598.0,0.9949421232102905,5626.457930977367,28.45793097736714,False
all,2023-10,24285,32,5365.0,0.9939002848295796,5397.9258099517665,32.925809951766496,False
all,2023-11,24286,31,5142.0,0.9929078226022631,5178.728460939694,36.72846093969383,False
all,2023-12,24287,30,5337.0,0.9918021233075721,5381.1137066349265,44.11370663492653,False
all,2024-01,24288,29,6409.0,0.9904555819750878,6470.759634894158,61.7596348941579,False
all,2024-02,24289,28,5368.0,0.9890740853494724,5427.298196882096,59.29819688209591,False
all,2024-03,24290,27,5257.0,0.9876040140847177,5322.983630106073,65.98363010607318,False
all,2024-04,24291,26,5322.0,0.9860954470928628,5397.043476561976,75.0434765619757,False
all,2024-05,24292,25,5560.0,0.9842034263396948,5649.238613888937,89.23861388893692,False
all,2024-06,24293,24,5541.0,0.982053673972673,5642.257797972646,101.25779797264568,False
all,2024-07,24294,23,5715.0,0.9754375347568777,5858.909254936998,143.90925493699797,False
all,2024-08,24295,22,5952.0,0.9735174423371653,6113.912027822303,161.91202782230266,False
all,2024-09,24296,21,5169.0,0.9714688847497275,5320.808603490838,151.80860349083832,False
all,2024-10,24297,20,5502.0,0.969210979418757,5676.7825755539725,174.7825755539725,False
all,2024-11,24298,19,5056.0,0.9667652599918454,5229.81142293285,173.8114229328503,False
all,2024-12,24299,18,5362.0,0.963879516020333,5562.935938444499,200.9359384444988,False
all,2025-01,24300,17,6040.0,0.960409925777366,6288.981233832168,248.98123383216807,False
all,2025-02,24301,16,5151.0,0.9565747087843142,5384.838165485549,233.83816548554933,False
all,2025-03,24302,15,5611.0,0.9527488881767529,5889.274781246508,278.2747812465077,False
all,2025-04,24303,14,5449.0,0.948437730190929,5745.237485336088,296.23748533608796,False
all,2025-05,24304,13,5679.0,0.9428868401103495,6022.992111476883,343.9921114768831,False
all,2025-06,24305,12,6090.0,0.9360717338975899,6505.911651281921,415.91165128192097,False
all,2025-07,24306,11,6446.0,0.9212194514158075,6997.246953582282,551.246953582282,False
all,2025-08,24307,10,5844.0,0.9144244283378429,6390.905381456933,546.9053814569334,False
all,2025-09,24308,9,5213.0,0.9066055257721914,5750.020104454894,537.020104454894,False
all,2025-10,24309,8,5802.0,0.8973188296163813,6465.929175341669,663.9291753416692,False
all,2025-11,24310,7,4942.0,0.8855919820685207,5580.447994184328,638.4479941843283,False
all,2025-12,24311,6,5383.0,0.8718437628121477,6174.271388530712,791.2713885307121,False
all,2026-01,24312,5,5405.0,0.8537637558807745,6330.791114954278,925.7911149542779,False
all,2026-02,24313,4,4867.0,0.8327992960562244,5844.145189660939,977.1451896609387,False
all,2026-03,24314,3,5316.0,0.8054505405931215,6600.032816522016,1284.0328165220162,False
all,2026-04,24315,2,4673.0,0.7663084643491297,6098.06653247534,1425.06653247534,False
all,2026-05,24316,1,4327.0,0.7000934672443938,6180.603308628644,1853.6033086286443,False
all,2026-06,24317,0,3087.0,0.5203589887895564,5932.44292210823,2845.44292210823,False
Y0,2022-07,24270,36,4624.0,1.0,4624.0,0.0,True
Y0,2022-08,24271,36,4850.0,1.0,4850.0,0.0,True
Y0,2022-09,24272,36,4513.0,1.0,4513.0,0.0,True
Y0,2022-10,24273,36,4139.0,1.0,4139.0,0.0,True
Y0,2022-11,24274,36,3850.0,1.0,3850.0,0.0,True
Y0,2022-12,24275,36,4103.0,1.0,4103.0,0.0,True
Y0,2023-01,24276,36,4935.0,1.0,4935.0,0.0,True
Y0,2023-02,24277,36,4282.0,1.0,4282.0,0.0,True
Y0,2023-03,24278,36,4747.0,1.0,4747.0,0.0,True
Y0,2023-04,24279,36,4385.0,1.0,4385.0,0.0,True
Y0,2023-05,24280,36,5201.0,1.0,5201.0,0.0,True
Y0,2023-06,24281,36,5351.0,1.0,5351.0,0.0,True
Y0,2023-07,24282,35,5608.0,0.9967852347034095,5626.086547789448,18.08654778944765,False
Y0,2023-08,24283,34,5572.0,0.9958573765911404,5595.178718335329,23.178718335328995,False
Y0,2023-09,24284,33,5281.0,0.9948374474345982,5308.404919435021,27.40491943502093,False
Y0,2023-10,24285,32,5069.0,0.9938076250346469,5100.584733210595,31.584733210595004,False
Y0,2023-11,24286,31,4822.0,0.9927949638279314,4856.994823390075,34.994823390075,False
Y0,2023-12,24287,30,5028.0,0.9916722162665196,5070.223726676119,42.22372667611944,False
Y0,2024-01,24288,29,6110.0,0.9903500687507953,6169.535594324755,59.53559432475504,False
Y0,2024-02,24289,28,5116.0,0.988944033319968,5173.194667877371,57.1946678773711,False
Y0,2024-03,24290,27,5014.0,0.98746200892704,5077.663702169292,63.663702169292264,False
Y0,2024-04,24291,26,5037.0,0.9859429868385675,5108.814675127588,71.81467512758809,False
Y0,2024-05,24292,25,5284.0,0.9840255291165976,5369.779384426821,85.7793844268208,False
Y0,2024-06,24293,24,5314.0,0.9818371229485492,5412.302993842358,98.30299384235786,False
Y0,2024-07,24294,23,5452.0,0.9750041084435797,5591.771309254426,139.77130925442634,False
Y0,2024-08,24295,22,5664.0,0.9730741543362885,5820.728024436416,156.72802443641558,False
Y0,2024-09,24296,21,4923.0,0.9710041855807963,5070.009041264181,147.00904126418118,False
Y0,2024-10,24297,20,5221.0,0.9687883941682349,5389.205766118362,168.20576611836168,False
Y0,2024-11,24298,19,4800.0,0.9663331961699035,4967.230784397114,167.2307843971139,False
Y0,2024-12,24299,18,5099.0,0.9634284819114348,5292.556838140827,193.55683814082659,False
Y0,2025-01,24300,17,5789.0,0.9598849524553547,6030.93108730575,241.93108730575022,False
Y0,2025-02,24301,16,4932.0,0.9560049062700156,5158.969339647926,226.96933964792606,False
Y0,2025-03,24302,15,5363.0,0.9521512938096265,5632.508231483095,269.5082314830952,False
Y0,2025-04,24303,14,5207.0,0.9477572398031319,5494.022922031804,287.0229220318042,False
Y0,2025-05,24304,13,5358.0,0.942145632899579,5687.018877867151,329.0188778671509,False
Y0,2025-06,24305,12,5779.0,0.9352693066254616,6178.968944090732,399.9689440907323,False
Y0,2025-07,24306,11,6094.0,0.9200425663842908,6623.606583713877,529.6065837138767,False
Y0,2025-08,24307,10,5497.0,0.913206705040837,6019.447699690492,522.4476996904923,False
Y0,2025-09,24308,9,4874.0,0.9053347443621366,5383.644039237696,509.64403923769623,False
Y0,2025-10,24309,8,5463.0,0.8959676046990436,6097.3186657067,634.3186657066999,False
Y0,2025-11,24310,7,4603.0,0.8841037387009815,5206.402595653779,603.4025956537789,False
Y0,2025-12,24311,6,5019.0,0.8702882153459067,5767.054995689143,748.0549956891427,False
Y0,2026-01,24312,5,5049.0,0.8520603804891641,5925.6363933990115,876.6363933990115,False
Y0,2026-02,24313,4,4561.0,0.8309678036653089,5488.780648157393,927.7806481573934,False
Y0,2026-03,24314,3,4955.0,0.8035204129542776,6166.613716485573,1211.6137164855727,False
Y0,2026-04,24315,2,4330.0,0.7645124114007015,5663.7406213808745,1333.7406213808745,False
Y0,2026-05,24316,1,3994.0,0.6986419413219745,5716.805367342431,1722.805367342431,False
Y0,2026-06,24317,0,2848.0,0.5211310982465824,5465.035591970023,2617.0355919700232,False
Y1,2022-07,24270,36,154.0,1.0,154.0,0.0,True
Y1,2022-08,24271,36,204.0,1.0,204.0,0.0,True
Y1,2022-09,24272,36,165.0,1.0,165.0,0.0,True
Y1,2022-10,24273,36,173.0,1.0,173.0,0.0,True
Y1,2022-11,24274,36,181.0,1.0,181.0,0.0,True
Y1,2022-12,24275,36,168.0,1.0,168.0,0.0,True
Y1,2023-01,24276,36,180.0,1.0,180.0,0.0,True
Y1,2023-02,24277,36,164.0,1.0,164.0,0.0,True
Y1,2023-03,24278,36,185.0,1.0,185.0,0.0,True
Y1,2023-04,24279,36,181.0,1.0,181.0,0.0,True
Y1,2023-05,24280,36,190.0,1.0,190.0,0.0,True
Y1,2023-06,24281,36,199.0,1.0,199.0,0.0,True
Y1,2023-07,24282,35,202.0,0.9983179142136249,202.34035383319292,0.34035383319292123,False
Y1,2023-08,24283,34,199.0,0.9977275428864731,199.45324895440248,0.4532489544024827,False
Y1,2023-09,24284,33,174.0,0.9967930228786605,174.55980931477788,0.5598093147778798,False
Y1,2023-10,24285,32,172.0,0.9957661951445593,172.73131066176643,0.7313106617664289,False
Y1,2023-11,24286,31,205.0,0.9951621775218545,205.99657486028005,0.9965748602800488,False
Y1,2023-12,24287,30,185.0,0.9946421938011256,185.99653337950988,0.9965333795098843,False
Y1,2024-01,24288,29,180.0,0.9931628484560145,181.239159599889,1.2391595998890068,False
Y1,2024-02,24289,28,160.0,0.9921122530591993,161.272073302831,1.2720733028309894,False
Y1,2024-03,24290,27,150.0,0.9905257196054799,151.43473514220716,1.4347351422071597,False
Y1,2024-04,24291,26,187.0,0.9895519254401693,188.97441881770808,1.9744188177080844,False
Y1,2024-05,24292,25,179.0,0.988306870442761,181.11783430161535,2.1178343016153462,False
Y1,2024-06,24293,24,146.0,0.9870557359653038,147.9146462354706,1.9146462354705989,False
Y1,2024-07,24294,23,172.0,0.9842585216116222,174.75083651637343,2.7508365163734254,False
Y1,2024-08,24295,22,185.0,0.9828974192031982,188.2190311883953,3.2190311883952916,False
Y1,2024-09,24296,21,142.0,0.9813479703784157,144.6989287044061,2.698928704406086,False
Y1,2024-10,24297,20,169.0,0.9791433133261755,172.59986122552638,3.599861225526382,False
Y1,2024-11,24298,19,156.0,0.9772979621891115,159.6237852072931,3.6237852072931105,False
Y1,2024-12,24299,18,165.0,0.9749748235512177,169.23513922032282,4.2351392203228215,False
Y1,2025-01,24300,17,160.0,0.9728279187219522,164.46896405913103,4.468964059131025,False
Y1,2025-02,24301,16,138.0,0.9699161039608843,142.28034717275443,4.280347172754432,False
Y1,2025-03,24302,15,148.0,0.9671748928688986,153.02299624527322,5.0229962452732195,False
Y1,2025-04,24303,14,137.0,0.9646104499633245,142.02624490042473,5.026244900424729,False
Y1,2025-05,24304,13,201.0,0.9599592088643083,209.38389688223893,8.383896882238929,False
Y1,2025-06,24305,12,196.0,0.953371253509357,205.58622811263137,9.586228112631375,False
Y1,2025-07,24306,11,214.0,0.945506081117412,226.3338166446184,12.333816644618395,False
Y1,2025-08,24307,10,206.0,0.9401827063027446,219.10634881819104,13.106348818191037,False
Y1,2025-09,24308,9,204.0,0.9330156863655787,218.64584163064941,14.645841630649414,False
Y1,2025-10,24309,8,196.0,0.9255968159839819,211.75526602437222,15.755266024372219,False
Y1,2025-11,24310,7,216.0,0.9165250600117416,235.67277036291057,19.67277036291057,False
Y1,2025-12,24311,6,210.0,0.9026872382702458,232.63871593267208,22.638715932672085,False
Y1,2026-01,24312,5,235.0,0.887934152759992,264.65926473212295,29.65926473212295,False
Y1,2026-02,24313,4,185.0,0.8697182505595614,212.712565110568,27.712565110567994,False
Y1,2026-03,24314,3,217.0,0.843533967038638,257.2510515039643,40.25105150396428,False
Y1,2026-04,24315,2,201.0,0.8043902302764764,249.8787186051656,48.8787186051656,False
Y1,2026-05,24316,1,182.0,0.7327732043074227,248.37152741142668,66.37152741142668,False
Y1,2026-06,24317,0,141.0,0.5200210912047808,271.1428485974142,130.14284859741417,False
Y2,2022-07,24270,36,117.0,1.0,117.0,0.0,True
Y2,2022-08,24271,36,157.0,1.0,157.0,0.0,True
Y2,2022-09,24272,36,97.0,1.0,97.0,0.0,True
Y2,2022-10,24273,36,111.0,1.0,111.0,0.0,True
Y2,2022-11,24274,36,115.0,1.0,115.0,0.0,True
Y2,2022-12,24275,36,129.0,1.0,129.0,0.0,True
Y2,2023-01,24276,36,120.0,1.0,120.0,0.0,True
Y2,2023-02,24277,36,102.0,1.0,102.0,0.0,True
Y2,2023-03,24278,36,140.0,1.0,140.0,0.0,True
Y2,2023-04,24279,36,134.0,1.0,134.0,0.0,True
Y2,2023-05,24280,36,140.0,1.0,140.0,0.0,True
Y2,2023-06,24281,36,133.0,1.0,133.0,0.0,True
Y2,2023-07,24282,35,169.0,0.9986272307500311,169.23231692076982,0.23231692076981858,False
Y2,2023-08,24283,34,136.0,0.9973786345625468,136.35744268740027,0.3574426874002654,False
Y2,2023-09,24284,33,140.0,0.99649889030323,140.49187747454354,0.4918774745435428,False
Y2,2023-10,24285,32,121.0,0.9949850294748165,121.60986991318603,0.6098699131860315,False
Y2,2023-11,24286,31,113.0,0.9940992485761361,113.67074279741351,0.6707427974135101,False
Y2,2023-12,24287,30,120.0,0.9926989294911909,120.88257218279279,0.882572182792785,False
Y2,2024-01,24288,29,114.0,0.9907706098923346,115.06195163821845,1.0619516382184457,False
Y2,2024-02,24289,28,90.0,0.9897376156424795,90.93319136059841,0.9331913605984141,False
Y2,2024-03,24290,27,90.0,0.9888260152070194,91.01702282899355,1.0170228289935466,False
Y2,2024-04,24291,26,96.0,0.98698975519735,97.26544727995142,1.2654472799514167,False
Y2,2024-05,24292,25,96.0,0.9851387362324789,97.44820345521907,1.4482034552190726,False
Y2,2024-06,24293,24,80.0,0.9831396722385007,81.37195788045946,1.3719578804594619,False
Y2,2024-07,24294,23,89.0,0.9789601152117051,90.9127947268345,1.9127947268345054,False
Y2,2024-08,24295,22,102.0,0.9766522075763426,104.43840622970885,2.4384062297088462,False
Y2,2024-09,24296,21,102.0,0.9748752336507314,104.62877348727842,2.6287734872784227,False
Y2,2024-10,24297,20,108.0,0.9711527571539741,111.208045494821,3.2080454948209933,False
Y2,2024-11,24298,19,96.0,0.9683736678503427,99.1352854658955,3.1352854658955067,False
Y2,2024-12,24299,18,95.0,0.9659867819066781,98.34503098736785,3.345030987367849,False
Y2,2025-01,24300,17,88.0,0.9637135375309601,91.31344177799612,3.3134417779961183,False
Y2,2025-02,24301,16,79.0,0.960558522973567,82.24381764417903,3.243817644179032,False
Y2,2025-03,24302,15,94.0,0.9563569849394443,98.28965697986929,4.289656979869292,False
Y2,2025-04,24303,14,103.0,0.9528655691136844,108.09499612396142,5.0949961239614225,False
Y2,2025-05,24304,13,119.0,0.9485192155978853,125.45871295289477,6.458712952894771,False
Y2,2025-06,24305,12,112.0,0.9442116805588395,118.6174692667558,6.617469266755805,False
Y2,2025-07,24306,11,135.0,0.9339033801797286,144.55456834733738,9.55456834733738,False
Y2,2025-08,24307,10,139.0,0.9270490434444645,149.93813000825008,10.938130008250084,False
Y2,2025-09,24308,9,131.0,0.9204721995212003,142.31825802902242,11.318258029022417,False
Y2,2025-10,24309,8,141.0,0.9114898964589582,154.6917859954017,13.691785995401688,False
Y2,2025-11,24310,7,121.0,0.9014174011050926,134.23304215301374,13.233042153013741,False
Y2,2025-12,24311,6,151.0,0.8909093847721096,169.48974001281297,18.489740012812973,False
Y2,2026-01,24312,5,119.0,0.873990706789414,136.15705416038568,17.157054160385684,False
Y2,2026-02,24313,4,118.0,0.8543441591094979,138.11764116582017,20.117641165820174,False
Y2,2026-03,24314,3,141.0,0.8303449437956267,169.8089463343615,28.808946334361508,False
Y2,2026-04,24315,2,139.0,0.7865917278409702,176.71174903088027,37.71174903088027,False
Y2,2026-05,24316,1,147.0,0.7159037522988562,205.33486453725752,58.334864537257516,False
Y2,2026-06,24317,0,98.0,0.4962269608366695,197.49027709974868,99.49027709974868,False
Y3,2022-07,24270,36,5.0,1.0,5.0,0.0,True
Y3,2022-08,24271,36,5.0,1.0,5.0,0.0,True
Y3,2022-09,24272,36,6.0,1.0,6.0,0.0,True
Y3,2022-10,24273,36,1.0,1.0,1.0,0.0,True
Y3,2022-11,24274,36,4.0,1.0,4.0,0.0,True
Y3,2022-12,24275,36,4.0,1.0,4.0,0.0,True
Y3,2023-01,24276,36,3.0,1.0,3.0,0.0,True
Y3,2023-02,24277,36,2.0,1.0,2.0,0.0,True
Y3,2023-03,24278,36,2.0,1.0,2.0,0.0,True
Y3,2023-04,24279,36,12.0,1.0,12.0,0.0,True
Y3,2023-05,24280,36,5.0,1.0,5.0,0.0,True
Y3,2023-06,24281,36,1.0,1.0,1.0,0.0,True
Y3,2023-07,24282,35,4.0,0.9918032786885246,4.033057851239669,0.03305785123966931,False
Y3,2023-08,24283,34,4.0,0.975341813482076,4.101126338180423,0.10112633818042305,False
Y3,2023-09,24284,33,3.0,0.9712437386355127,3.088823001540952,0.0888230015409519,False
Y3,2023-10,24285,32,3.0,0.9712437386355127,3.088823001540952,0.0888230015409519,False
Y3,2023-11,24286,31,2.0,0.9712437386355127,2.0592153343606343,0.05921533436063431,False
Y3,2023-12,24287,30,4.0,0.9712437386355127,4.118430668721269,0.11843066872126862,False
Y3,2024-01,24288,29,5.0,0.9670209397718802,5.170518852652247,0.17051885265224698,False
Y3,2024-02,24289,28,2.0,0.9670209397718802,2.068207541060899,0.06820754106089888,False
Y3,2024-03,24290,27,3.0,0.9670209397718802,3.1023113115913485,0.10231131159134854,False
Y3,2024-04,24291,26,2.0,0.9627230689284495,2.0774406104406355,0.07744061044063555,False
Y3,2024-05,24292,25,1.0,0.958386478527871,1.0434203970991427,0.043420397099142694,False
Y3,2024-06,24293,24,1.0,0.9539699509770514,1.0482510470857125,0.048251047085712484,False
Y3,2024-07,24294,23,2.0,0.9448410519246394,2.1167581530523085,0.11675815305230852,False
Y3,2024-08,24295,22,1.0,0.9402766023984335,1.0635168390335628,0.06351683903356276,False
Y3,2024-09,24296,21,2.0,0.9309669330677559,2.1483040148477968,0.14830401484779676,False
Y3,2024-10,24297,20,4.0,0.9215154921229056,4.340675804359138,0.3406758043591376,False
Y3,2024-11,24298,19,4.0,0.911916372413292,4.386367128615549,0.3863671286155492,False
Y3,2024-12,24299,18,3.0,0.8884133731242896,3.3768064402833997,0.3768064402833997,False
Y3,2025-01,24300,17,3.0,0.8742365639786892,3.431565463639347,0.4315654636393469,False
Y3,2025-02,24301,16,2.0,0.8599827069572975,2.325628159519852,0.325628159519852,False
Y3,2025-03,24302,15,6.0,0.8503739616281658,7.055719331424634,1.0557193314246343,False
Y3,2025-04,24303,14,2.0,0.8408191980143661,2.3786326533969415,0.3786326533969415,False
Y3,2025-05,24304,13,1.0,0.8311546095314424,1.2031455863112437,0.2031455863112437,False
Y3,2025-06,24305,12,3.0,0.8118254325655949,3.695375729384534,0.695375729384534,False
Y3,2025-07,24306,11,3.0,0.7974143302123595,3.7621596281083507,0.7621596281083507,False
Y3,2025-08,24307,10,2.0,0.7736817608608012,2.5850421984548175,0.5850421984548175,False
Y3,2025-09,24308,9,4.0,0.7641887331201779,5.234309047802922,1.2343090478029222,False
Y3,2025-10,24309,8,2.0,0.7595004586838577,2.6333097987403593,0.6333097987403593,False
Y3,2025-11,24310,7,2.0,0.7449877110656948,2.6846080415729636,0.6846080415729636,False
Y3,2025-12,24311,6,3.0,0.7209558494184143,4.161142464438094,1.161142464438094,False
Y3,2026-01,24312,5,2.0,0.6973952007446099,2.8678144011667945,0.8678144011667945,False
Y3,2026-02,24313,4,3.0,0.6685374683000054,4.487407426286171,1.487407426286171,False
Y3,2026-03,24314,3,3.0,0.6064589891007192,4.946748343937512,1.9467483439375117,False
Y3,2026-04,24315,2,3.0,0.540127537167828,5.554243754596504,2.554243754596504,False
Y3,2026-05,24316,1,4.0,0.4321020297342624,9.257072924327506,5.257072924327506,False
Y3,2026-06,24317,0,0.0,0.26380966025881286,0.0,0.0,False
severe,2022-07,24270,36,276.0,1.0,276.0,0.0,True
severe,2022-08,24271,36,366.0,1.0,366.0,0.0,True
severe,2022-09,24272,36,268.0,1.0,268.0,0.0,True
severe,2022-10,24273,36,285.0,1.0,285.0,0.0,True
severe,2022-11,24274,36,300.0,1.0,300.0,0.0,True
severe,2022-12,24275,36,301.0,1.0,301.0,0.0,True
severe,2023-01,24276,36,303.0,1.0,303.0,0.0,True
severe,2023-02,24277,36,268.0,1.0,268.0,0.0,True
severe,2023-03,24278,36,327.0,1.0,327.0,0.0,True
severe,2023-04,24279,36,327.0,1.0,327.0,0.0,True
severe,2023-05,24280,36,335.0,1.0,335.0,0.0,True
severe,2023-06,24281,36,333.0,1.0,333.0,0.0,True
severe,2023-07,24282,35,375.0,0.9983620390132526,375.61524311424876,0.6152431142487558,False
severe,2023-08,24283,34,339.0,0.9973177272569625,339.91173598446966,0.911735984469658,False
severe,2023-09,24284,33,317.0,0.9963663748712871,318.15605985393756,1.1560598539375633,False
severe,2023-10,24285,32,296.0,0.9951576813312086,297.4403007210324,1.4403007210323722,False
severe,2023-11,24286,31,320.0,0.9944482660076872,321.78647289986463,1.7864728998646342,False
severe,2023-12,24287,30,309.0,0.9935823768188873,310.9958542031642,1.9958542031641855,False
severe,2024-01,24288,29,299.0,0.991890692862896,301.4445060846329,2.4445060846329056,False
severe,2024-02,24289,28,252.0,0.9908600499983251,254.3245133360922,2.3245133360921955,False
severe,2024-03,24290,27,243.0,0.9895618213284464,245.56323290017636,2.5632329001763594,False
severe,2024-04,24291,26,285.0,0.9882043260847098,288.40189470650984,3.401894706509836,False
severe,2024-05,24292,25,276.0,0.9866811026629783,279.7256370422994,3.725637042299411,False
severe,2024-06,24293,24,227.0,0.9850954784354291,230.4345162161653,3.4345162161652922,False
severe,2024-07,24294,23,263.0,0.9816764919592974,267.9090333263319,4.909033326331894,False
severe,2024-08,24295,22,288.0,0.9799028634766991,293.9066827278929,5.906682727892928,False
severe,2024-09,24296,21,246.0,0.9781734005882067,251.4891529989186,5.489152998918598,False
severe,2024-10,24297,20,281.0,0.975285361468872,288.12080146141784,7.120801461417841,False
severe,2024-11,24298,19,256.0,0.9729832210101695,263.1083398686115,7.108339868611495,False
severe,2024-12,24299,18,263.0,0.9703860940572232,271.0261426978889,8.026142697888872,False
severe,2025-01,24300,17,251.0,0.9680480825869157,259.2846414500946,8.284641450094625,False
severe,2025-02,24301,16,219.0,0.9649074364699546,226.96477581434752,7.964775814347519,False
severe,2025-03,24302,15,248.0,0.9615158461835926,257.9260664131027,9.926066413102717,False
severe,2025-04,24303,14,242.0,0.9585066734733636,252.47607209979958,10.47607209979958,False
severe,2025-05,24304,13,321.0,0.9539161785551739,336.50755403498334,15.507554034983343,False
severe,2025-06,24305,12,311.0,0.9480728941536108,328.0338483652613,17.033848365261292,False
severe,2025-07,24306,11,352.0,0.9391773677656478,374.79608440461726,22.79608440461726,False
severe,2025-08,24307,10,347.0,0.9330396829715518,371.902724324513,24.902724324512974,False
severe,2025-09,24308,9,339.0,0.9260758687626048,366.06072076250274,27.06072076250274,False
severe,2025-10,24309,8,339.0,0.9180809691761651,369.24847740194394,30.248477401943944,False
severe,2025-11,24310,7,339.0,0.9085574225445807,373.1189593394864,34.11895933948642,False
severe,2025-12,24311,6,364.0,0.8959001862772302,406.2952609849806,42.29526098498059,False
severe,2026-01,24312,5,356.0,0.8802028602173584,404.4522190169763,48.4522190169763,False
severe,2026-02,24313,4,306.0,0.8613125122682699,355.2717459010874,49.2717459010874,False
severe,2026-03,24314,3,361.0,0.8355748902894403,432.03787499520337,71.03787499520337,False
severe,2026-04,24315,2,343.0,0.7943225984522104,431.81448024814847,88.81448024814847,False
severe,2026-05,24316,1,333.0,0.7226616425673033,460.796561468235,127.79656146823498,False
severe,2026-06,24317,0,239.0,0.5076930086351726,470.7569258093625,231.75692580936249,False
