cohort,cohort_p,observed_cells,d0,d1,d2,d3,d4,d5,d6,d7,d8,d9,d10,d11,d12,d13,d14,d15,d16,d17,d18,d19,d20,d21,d22,d23,d24,d25,d26,d27,d28,d29,d30,d31,d32,d33,d34,d35,d36
1995-01,23940,37,917.0,266.0,149.0,108.0,59.0,58.0,31.0,65.0,33.0,22.0,16.0,16.0,69.0,27.0,23.0,21.0,24.0,12.0,16.0,21.0,18.0,12.0,8.0,8.0,15.0,9.0,4.0,12.0,6.0,2.0,6.0,5.0,3.0,2.0,9.0,4.0,8.0
1995-02,23941,37,859.0,308.0,112.0,51.0,30.0,34.0,55.0,19.0,16.0,15.0,14.0,16.0,27.0,11.0,11.0,5.0,7.0,11.0,6.0,6.0,6.0,9.0,5.0,2.0,8.0,2.0,5.0,1.0,1.0,4.0,0.0,3.0,4.0,4.0,0.0,5.0,0.0
1995-03,23942,37,1102.0,304.0,103.0,53.0,33.0,47.0,24.0,23.0,18.0,13.0,23.0,17.0,19.0,19.0,16.0,9.0,17.0,10.0,6.0,9.0,8.0,2.0,3.0,3.0,2.0,4.0,3.0,2.0,6.0,4.0,3.0,14.0,3.0,1.0,3.0,0.0,7.0
1995-04,23943,37,933.0,274.0,105.0,54.0,65.0,36.0,31.0,16.0,19.0,25.0,8.0,16.0,34.0,16.0,9.0,10.0,5.0,10.0,14.0,7.0,4.0,3.0,2.0,2.0,10.0,4.0,3.0,3.0,1.0,2.0,8.0,5.0,2.0,1.0,3.0,0.0,6.0
1995-05,23944,37,813.0,299.0,114.0,88.0,49.0,28.0,39.0,25.0,22.0,15.0,13.0,26.0,35.0,16.0,21.0,12.0,10.0,11.0,7.0,12.0,5.0,5.0,3.0,5.0,7.0,7.0,4.0,4.0,3.0,5.0,3.0,4.0,2.0,3.0,2.0,3.0,3.0
1995-06,23945,37,1087.0,303.0,121.0,67.0,54.0,46.0,36.0,38.0,22.0,17.0,20.0,18.0,25.0,23.0,20.0,15.0,22.0,16.0,9.0,6.0,9.0,4.0,10.0,2.0,6.0,5.0,2.0,3.0,12.0,7.0,10.0,3.0,1.0,6.0,5.0,2.0,6.0
1995-07,23946,37,890.0,381.0,102.0,88.0,51.0,40.0,31.0,22.0,16.0,28.0,24.0,14.0,37.0,18.0,15.0,10.0,14.0,4.0,1.0,8.0,3.0,6.0,2.0,5.0,4.0,6.0,7.0,13.0,6.0,4.0,5.0,2.0,3.0,3.0,3.0,8.0,1.0
1995-08,23947,37,1047.0,230.0,112.0,73.0,46.0,32.0,27.0,23.0,28.0,17.0,11.0,23.0,28.0,20.0,20.0,12.0,6.0,6.0,9.0,7.0,6.0,5.0,2.0,5.0,11.0,6.0,12.0,5.0,6.0,3.0,4.0,2.0,4.0,1.0,2.0,1.0,3.0
1995-09,23948,37,570.0,273.0,114.0,62.0,34.0,23.0,29.0,23.0,17.0,14.0,25.0,13.0,15.0,20.0,12.0,11.0,8.0,8.0,6.0,3.0,5.0,7.0,3.0,3.0,2.0,10.0,5.0,5.0,10.0,2.0,2.0,2.0,1.0,4.0,3.0,4.0,6.0
1995-10,23949,37,604.0,260.0,86.0,51.0,49.0,30.0,39.0,28.0,20.0,21.0,19.0,20.0,38.0,17.0,10.0,9.0,8.0,8.0,11.0,3.0,4.0,5.0,3.0,5.0,24.0,10.0,6.0,10.0,2.0,4.0,1.0,3.0,5.0,2.0,1.0,5.0,2.0
1995-11,23950,37,577.0,197.0,86.0,58.0,38.0,39.0,22.0,26.0,25.0,19.0,21.0,25.0,26.0,13.0,11.0,7.0,8.0,9.0,4.0,4.0,3.0,5.0,9.0,14.0,10.0,8.0,3.0,6.0,1.0,2.0,5.0,2.0,3.0,1.0,3.0,4.0,5.0
1995-12,23951,37,591.0,287.0,108.0,60.0,64.0,41.0,18.0,19.0,22.0,20.0,17.0,13.0,13.0,10.0,13.0,9.0,11.0,5.0,1.0,5.0,11.0,8.0,12.0,4.0,17.0,7.0,3.0,5.0,5.0,3.0,5.0,0.0,0.0,1.0,7.0,1.0,3.0
1996-01,23952,37,674.0,236.0,102.0,88.0,54.0,24.0,30.0,42.0,38.0,34.0,24.0,28.0,41.0,37.0,16.0,29.0,6.0,7.0,7.0,12.0,16.0,18.0,17.0,13.0,9.0,12.0,15.0,10.0,2.0,5.0,4.0,5.0,4.0,2.0,1.0,4.0,7.0
1996-02,23953,37,702.0,268.0,107.0,77.0,37.0,37.0,28.0,26.0,33.0,22.0,9.0,14.0,24.0,8.0,18.0,6.0,8.0,4.0,2.0,24.0,22.0,10.0,7.0,6.0,12.0,6.0,5.0,2.0,6.0,5.0,2.0,0.0,5.0,2.0,2.0,2.0,3.0
1996-03,23954,37,757.0,291.0,82.0,46.0,35.0,36.0,20.0,28.0,24.0,19.0,11.0,29.0,19.0,31.0,6.0,3.0,8.0,15.0,22.0,29.0,13.0,9.0,17.0,6.0,6.0,2.0,3.0,5.0,7.0,1.0,3.0,2.0,4.0,5.0,3.0,6.0,9.0
1996-04,23955,37,749.0,306.0,66.0,72.0,41.0,53.0,49.0,32.0,21.0,16.0,19.0,14.0,55.0,12.0,5.0,11.0,6.0,16.0,39.0,5.0,7.0,6.0,7.0,3.0,6.0,3.0,5.0,5.0,7.0,4.0,6.0,8.0,4.0,5.0,6.0,5.0,2.0
1996-05,23956,37,704.0,204.0,122.0,63.0,41.0,47.0,37.0,20.0,20.0,27.0,11.0,33.0,14.0,12.0,14.0,12.0,29.0,25.0,14.0,4.0,5.0,10.0,6.0,5.0,6.0,10.0,5.0,1.0,2.0,4.0,4.0,4.0,3.0,7.0,10.0,4.0,2.0
1996-06,23957,37,573.0,360.0,149.0,98.0,77.0,49.0,33.0,34.0,49.0,11.0,39.0,12.0,25.0,17.0,20.0,32.0,45.0,13.0,10.0,22.0,6.0,7.0,3.0,4.0,12.0,13.0,2.0,5.0,10.0,14.0,11.0,6.0,9.0,5.0,5.0,4.0,5.0
1996-07,23958,37,486.0,356.0,137.0,98.0,47.0,54.0,32.0,35.0,19.0,34.0,17.0,15.0,16.0,20.0,44.0,39.0,16.0,9.0,13.0,8.0,12.0,3.0,5.0,8.0,15.0,9.0,8.0,3.0,11.0,4.0,0.0,4.0,5.0,3.0,4.0,6.0,10.0
1996-08,23959,37,523.0,345.0,172.0,87.0,63.0,35.0,55.0,27.0,35.0,11.0,14.0,21.0,29.0,36.0,54.0,22.0,13.0,4.0,13.0,11.0,5.0,3.0,8.0,12.0,7.0,8.0,9.0,6.0,10.0,8.0,6.0,2.0,2.0,2.0,4.0,10.0,6.0
1996-09,23960,37,367.0,359.0,137.0,70.0,50.0,48.0,22.0,50.0,15.0,15.0,10.0,32.0,45.0,37.0,18.0,12.0,10.0,9.0,9.0,4.0,3.0,6.0,6.0,7.0,8.0,3.0,13.0,7.0,3.0,2.0,1.0,1.0,2.0,6.0,7.0,6.0,9.0
1996-10,23961,37,660.0,368.0,127.0,79.0,70.0,38.0,56.0,19.0,19.0,20.0,31.0,39.0,63.0,15.0,17.0,16.0,8.0,11.0,12.0,6.0,7.0,8.0,3.0,7.0,13.0,11.0,3.0,6.0,8.0,10.0,4.0,6.0,4.0,9.0,2.0,8.0,6.0
1996-11,23962,37,411.0,336.0,116.0,105.0,50.0,62.0,21.0,13.0,15.0,28.0,48.0,52.0,25.0,12.0,14.0,11.0,11.0,5.0,6.0,6.0,12.0,5.0,6.0,4.0,15.0,9.0,11.0,4.0,4.0,3.0,2.0,1.0,4.0,4.0,4.0,8.0,4.0
1996-12,23963,37,409.0,309.0,197.0,86.0,110.0,24.0,16.0,19.0,35.0,45.0,72.0,34.0,23.0,19.0,18.0,9.0,7.0,5.0,7.0,9.0,8.0,6.0,8.0,7.0,10.0,6.0,13.0,3.0,3.0,4.0,5.0,9.0,4.0,7.0,2.0,4.0,2.0
1997-01,23964,37,270.0,234.0,140.0,111.0,37.0,41.0,36.0,43.0,38.0,60.0,24.0,22.0,47.0,25.0,26.0,12.0,10.0,10.0,11.0,9.0,12.0,9.0,19.0,13.0,17.0,19.0,19.0,8.0,2.0,7.0,11.0,12.0,18.0,9.0,12.0,8.0,5.0
1997-02,23965,37,262.0,216.0,124.0,43.0,33.0,41.0,26.0,14.0,35.0,20.0,15.0,18.0,17.0,21.0,12.0,5.0,4.0,7.0,11.0,7.0,6.0,7.0,9.0,14.0,26.0,8.0,2.0,3.0,8.0,7.0,1.0,7.0,4.0,1.0,3.0,6.0,6.0
1997-03,23966,37,258.0,238.0,87.0,43.0,30.0,60.0,21.0,32.0,32.0,19.0,26.0,10.0,23.0,23.0,8.0,17.0,14.0,8.0,7.0,4.0,9.0,9.0,9.0,23.0,15.0,8.0,5.0,8.0,5.0,4.0,7.0,9.0,5.0,4.0,6.0,3.0,11.0
1997-04,23967,37,249.0,174.0,90.0,61.0,35.0,30.0,38.0,26.0,18.0,18.0,19.0,13.0,19.0,13.0,14.0,13.0,9.0,8.0,10.0,13.0,9.0,11.0,24.0,6.0,11.0,6.0,3.0,9.0,14.0,10.0,4.0,7.0,1.0,3.0,7.0,3.0,7.0
1997-05,23968,37,211.0,244.0,130.0,70.0,49.0,36.0,41.0,37.0,24.0,11.0,20.0,16.0,24.0,18.0,14.0,4.0,7.0,7.0,8.0,11.0,10.0,15.0,10.0,2.0,14.0,13.0,10.0,10.0,10.0,9.0,5.0,5.0,7.0,3.0,5.0,7.0,3.0
1997-06,23969,37,326.0,235.0,136.0,93.0,62.0,45.0,42.0,45.0,27.0,17.0,17.0,14.0,20.0,30.0,19.0,15.0,9.0,13.0,14.0,18.0,32.0,6.0,8.0,7.0,13.0,21.0,7.0,23.0,12.0,4.0,4.0,7.0,8.0,8.0,6.0,4.0,5.0
1997-07,23970,37,433.0,249.0,144.0,83.0,50.0,54.0,54.0,32.0,21.0,12.0,14.0,23.0,28.0,15.0,25.0,12.0,13.0,18.0,19.0,29.0,13.0,9.0,9.0,13.0,21.0,10.0,13.0,8.0,4.0,3.0,9.0,10.0,5.0,8.0,6.0,6.0,6.0
1997-08,23971,37,392.0,242.0,147.0,91.0,71.0,77.0,39.0,32.0,22.0,13.0,12.0,16.0,30.0,18.0,15.0,16.0,11.0,12.0,29.0,14.0,7.0,6.0,7.0,12.0,20.0,16.0,5.0,4.0,5.0,7.0,7.0,9.0,8.0,3.0,1.0,4.0,17.0
1997-09,23972,37,292.0,255.0,120.0,84.0,72.0,49.0,47.0,20.0,25.0,19.0,15.0,21.0,17.0,14.0,21.0,9.0,9.0,34.0,7.0,9.0,6.0,8.0,7.0,9.0,24.0,12.0,5.0,1.0,4.0,5.0,4.0,3.0,7.0,4.0,2.0,10.0,15.0
1997-10,23973,37,464.0,224.0,134.0,92.0,69.0,50.0,24.0,21.0,18.0,18.0,20.0,20.0,36.0,18.0,15.0,13.0,30.0,18.0,12.0,9.0,13.0,9.0,10.0,11.0,24.0,5.0,10.0,4.0,7.0,10.0,3.0,3.0,7.0,3.0,8.0,9.0,5.0
1997-11,23974,37,289.0,234.0,113.0,75.0,51.0,49.0,27.0,24.0,20.0,18.0,23.0,18.0,30.0,22.0,19.0,50.0,13.0,7.0,11.0,8.0,12.0,5.0,13.0,10.0,17.0,8.0,5.0,7.0,7.0,2.0,7.0,4.0,4.0,11.0,8.0,8.0,6.0
1997-12,23975,37,208.0,276.0,141.0,90.0,45.0,26.0,32.0,25.0,15.0,14.0,22.0,20.0,35.0,26.0,54.0,12.0,11.0,6.0,10.0,6.0,11.0,10.0,15.0,5.0,10.0,7.0,9.0,4.0,4.0,3.0,3.0,5.0,8.0,6.0,2.0,3.0,3.0
1998-01,23976,37,219.0,221.0,130.0,81.0,47.0,29.0,37.0,37.0,31.0,30.0,34.0,28.0,50.0,88.0,29.0,15.0,13.0,10.0,19.0,28.0,20.0,17.0,14.0,12.0,10.0,18.0,7.0,10.0,7.0,11.0,12.0,22.0,16.0,20.0,10.0,8.0,19.0
1998-02,23977,37,194.0,199.0,104.0,41.0,47.0,25.0,28.0,19.0,34.0,42.0,29.0,17.0,90.0,29.0,17.0,15.0,11.0,7.0,9.0,21.0,21.0,12.0,9.0,7.0,11.0,7.0,2.0,10.0,5.0,2.0,4.0,12.0,7.0,5.0,1.0,4.0,11.0
1998-03,23978,37,222.0,251.0,101.0,61.0,45.0,41.0,33.0,30.0,23.0,28.0,28.0,88.0,34.0,24.0,18.0,15.0,17.0,19.0,30.0,15.0,10.0,9.0,15.0,8.0,22.0,13.0,7.0,7.0,6.0,10.0,9.0,6.0,6.0,5.0,5.0,7.0,7.0
1998-04,23979,37,340.0,249.0,124.0,67.0,44.0,42.0,33.0,47.0,25.0,23.0,93.0,15.0,28.0,19.0,9.0,27.0,20.0,29.0,16.0,6.0,5.0,6.0,13.0,7.0,13.0,4.0,5.0,8.0,6.0,13.0,7.0,6.0,4.0,8.0,8.0,7.0,7.0
1998-05,23980,37,341.0,313.0,151.0,88.0,42.0,51.0,48.0,33.0,33.0,124.0,27.0,23.0,22.0,20.0,19.0,20.0,47.0,23.0,16.0,4.0,11.0,4.0,8.0,8.0,13.0,8.0,7.0,15.0,9.0,9.0,4.0,7.0,10.0,5.0,4.0,2.0,6.0
1998-06,23981,37,408.0,340.0,149.0,86.0,77.0,56.0,54.0,61.0,171.0,48.0,29.0,25.0,54.0,46.0,30.0,62.0,24.0,14.0,7.0,16.0,17.0,16.0,18.0,14.0,23.0,20.0,35.0,24.0,16.0,8.0,10.0,10.0,13.0,10.0,7.0,7.0,8.0
1998-07,23982,37,497.0,368.0,146.0,121.0,82.0,54.0,45.0,167.0,40.0,22.0,28.0,37.0,50.0,39.0,56.0,18.0,15.0,7.0,11.0,13.0,9.0,12.0,16.0,11.0,16.0,27.0,22.0,15.0,2.0,8.0,12.0,15.0,8.0,4.0,3.0,5.0,7.0
1998-08,23983,37,581.0,311.0,190.0,133.0,75.0,54.0,221.0,49.0,27.0,20.0,34.0,25.0,48.0,56.0,24.0,14.0,5.0,12.0,14.0,11.0,12.0,7.0,16.0,7.0,51.0,17.0,19.0,10.0,12.0,5.0,10.0,11.0,6.0,4.0,5.0,4.0,10.0
1998-09,23984,37,455.0,369.0,165.0,108.0,67.0,230.0,51.0,28.0,20.0,32.0,34.0,29.0,85.0,33.0,12.0,12.0,17.0,9.0,6.0,9.0,10.0,10.0,9.0,24.0,30.0,13.0,4.0,8.0,7.0,6.0,6.0,7.0,5.0,5.0,3.0,6.0,5.0
1998-10,23985,37,613.0,462.0,152.0,104.0,268.0,73.0,37.0,37.0,29.0,40.0,30.0,71.0,53.0,21.0,15.0,16.0,15.0,13.0,18.0,11.0,17.0,13.0,28.0,19.0,20.0,16.0,11.0,7.0,7.0,10.0,6.0,3.0,4.0,5.0,8.0,2.0,3.0
1998-11,23986,37,553.0,370.0,157.0,303.0,85.0,51.0,53.0,51.0,48.0,31.0,72.0,26.0,32.0,23.0,18.0,23.0,13.0,12.0,15.0,16.0,6.0,22.0,10.0,9.0,19.0,5.0,6.0,5.0,8.0,4.0,2.0,1.0,1.0,6.0,0.0,7.0,4.0
1998-12,23987,37,499.0,410.0,282.0,147.0,75.0,56.0,46.0,51.0,39.0,89.0,35.0,35.0,23.0,30.0,14.0,19.0,22.0,15.0,12.0,11.0,17.0,15.0,15.0,8.0,11.0,13.0,16.0,8.0,4.0,7.0,1.0,11.0,6.0,1.0,2.0,1.0,5.0
1999-01,23988,37,561.0,379.0,180.0,100.0,70.0,71.0,63.0,63.0,78.0,62.0,35.0,27.0,78.0,58.0,24.0,21.0,17.0,33.0,19.0,36.0,33.0,24.0,20.0,11.0,26.0,18.0,26.0,16.0,10.0,12.0,7.0,11.0,7.0,6.0,10.0,0.0,12.0
1999-02,23989,37,455.0,297.0,154.0,83.0,69.0,68.0,61.0,57.0,41.0,32.0,13.0,22.0,54.0,23.0,25.0,13.0,8.0,15.0,19.0,14.0,20.0,11.0,8.0,7.0,24.0,4.0,9.0,7.0,8.0,10.0,8.0,0.0,4.0,4.0,2.0,7.0,6.0
1999-03,23990,37,539.0,323.0,143.0,117.0,92.0,92.0,107.0,55.0,36.0,20.0,30.0,26.0,51.0,21.0,19.0,29.0,9.0,39.0,28.0,16.0,10.0,13.0,13.0,20.0,26.0,8.0,8.0,7.0,8.0,11.0,2.0,3.0,3.0,3.0,4.0,4.0,11.0
1999-04,23991,37,432.0,295.0,194.0,123.0,108.0,96.0,64.0,56.0,34.0,32.0,33.0,30.0,52.0,21.0,18.0,20.0,34.0,31.0,16.0,20.0,11.0,8.0,11.0,10.0,24.0,4.0,8.0,2.0,14.0,2.0,4.0,3.0,3.0,4.0,4.0,6.0,9.0
1999-05,23992,37,554.0,404.0,208.0,127.0,119.0,70.0,49.0,34.0,40.0,28.0,34.0,37.0,46.0,26.0,24.0,49.0,39.0,31.0,12.0,12.0,10.0,19.0,7.0,10.0,18.0,6.0,16.0,10.0,5.0,4.0,6.0,4.0,4.0,5.0,4.0,3.0,5.0
1999-06,23993,37,674.0,412.0,292.0,216.0,116.0,80.0,55.0,55.0,55.0,50.0,36.0,28.0,40.0,36.0,66.0,52.0,34.0,25.0,18.0,25.0,28.0,27.0,11.0,14.0,22.0,14.0,14.0,10.0,9.0,13.0,3.0,12.0,4.0,8.0,5.0,8.0,6.0
1999-07,23994,37,840.0,651.0,396.0,153.0,93.0,50.0,51.0,51.0,49.0,43.0,22.0,26.0,41.0,81.0,48.0,45.0,20.0,13.0,20.0,13.0,10.0,15.0,10.0,5.0,18.0,16.0,8.0,2.0,6.0,4.0,5.0,9.0,4.0,6.0,6.0,3.0,8.0
1999-08,23995,37,804.0,635.0,209.0,126.0,70.0,68.0,55.0,60.0,73.0,43.0,30.0,30.0,118.0,63.0,31.0,19.0,19.0,16.0,30.0,23.0,12.0,18.0,10.0,17.0,25.0,9.0,7.0,9.0,1.0,8.0,2.0,3.0,4.0,4.0,6.0,4.0,6.0
1999-09,23996,37,944.0,549.0,157.0,79.0,90.0,79.0,53.0,96.0,36.0,27.0,23.0,84.0,66.0,43.0,16.0,17.0,15.0,19.0,10.0,18.0,13.0,4.0,11.0,14.0,13.0,7.0,4.0,2.0,7.0,7.0,3.0,5.0,5.0,8.0,3.0,4.0,10.0
1999-10,23997,37,892.0,466.0,137.0,113.0,77.0,82.0,58.0,52.0,36.0,39.0,84.0,55.0,60.0,20.0,25.0,20.0,20.0,27.0,7.0,15.0,13.0,13.0,10.0,5.0,12.0,6.0,6.0,9.0,7.0,4.0,10.0,2.0,6.0,3.0,4.0,5.0,10.0
1999-11,23998,37,543.0,332.0,196.0,129.0,76.0,58.0,56.0,46.0,30.0,77.0,51.0,43.0,38.0,20.0,22.0,34.0,15.0,22.0,15.0,11.0,14.0,15.0,5.0,11.0,11.0,7.0,6.0,2.0,4.0,12.0,3.0,10.0,3.0,2.0,1.0,4.0,4.0
1999-12,23999,37,505.0,454.0,244.0,124.0,74.0,58.0,49.0,33.0,77.0,53.0,34.0,36.0,29.0,34.0,30.0,27.0,18.0,14.0,15.0,11.0,14.0,8.0,2.0,8.0,5.0,9.0,5.0,7.0,5.0,5.0,4.0,7.0,9.0,1.0,4.0,0.0,1.0
2000-01,24000,37,578.0,445.0,212.0,114.0,71.0,86.0,80.0,78.0,80.0,67.0,27.0,30.0,102.0,62.0,35.0,28.0,24.0,21.0,29.0,31.0,12.0,14.0,11.0,12.0,20.0,14.0,16.0,13.0,14.0,11.0,10.0,15.0,12.0,6.0,7.0,3.0,11.0
2000-02,24001,37,655.0,423.0,149.0,100.0,73.0,54.0,79.0,69.0,44.0,25.0,26.0,23.0,45.0,45.0,17.0,17.0,14.0,13.0,12.0,6.0,10.0,3.0,3.0,9.0,13.0,11.0,11.0,3.0,9.0,5.0,3.0,3.0,2.0,2.0,1.0,4.0,5.0
2000-03,24002,37,829.0,383.0,135.0,81.0,85.0,123.0,98.0,63.0,30.0,25.0,41.0,43.0,79.0,34.0,23.0,21.0,16.0,18.0,4.0,9.0,6.0,3.0,9.0,11.0,10.0,12.0,9.0,11.0,5.0,7.0,2.0,2.0,4.0,4.0,2.0,5.0,4.0
2000-04,24003,37,752.0,415.0,158.0,87.0,169.0,107.0,73.0,34.0,32.0,39.0,28.0,25.0,67.0,34.0,22.0,24.0,11.0,0.0,12.0,15.0,10.0,10.0,5.0,6.0,16.0,15.0,7.0,5.0,7.0,3.0,2.0,5.0,3.0,3.0,5.0,0.0,2.0
2000-05,24004,37,831.0,405.0,196.0,263.0,175.0,103.0,67.0,38.0,50.0,38.0,33.0,29.0,58.0,20.0,18.0,22.0,4.0,15.0,7.0,11.0,6.0,11.0,17.0,7.0,16.0,13.0,6.0,4.0,8.0,4.0,5.0,0.0,3.0,4.0,3.0,2.0,4.0
2000-06,24005,37,987.0,406.0,424.0,248.0,147.0,77.0,77.0,74.0,46.0,56.0,31.0,38.0,57.0,33.0,32.0,21.0,14.0,9.0,13.0,18.0,16.0,9.0,19.0,21.0,19.0,7.0,15.0,9.0,6.0,7.0,2.0,10.0,5.0,4.0,6.0,5.0,10.0
2000-07,24006,37,960.0,933.0,372.0,198.0,82.0,46.0,71.0,56.0,49.0,44.0,48.0,32.0,38.0,24.0,24.0,18.0,8.0,11.0,15.0,9.0,5.0,14.0,13.0,11.0,15.0,6.0,8.0,7.0,5.0,3.0,1.0,3.0,2.0,4.0,2.0,3.0,7.0
2000-08,24007,37,1426.0,829.0,380.0,128.0,84.0,99.0,54.0,66.0,40.0,41.0,26.0,29.0,47.0,27.0,14.0,15.0,5.0,17.0,13.0,10.0,9.0,15.0,7.0,8.0,23.0,4.0,9.0,1.0,2.0,2.0,7.0,2.0,2.0,5.0,4.0,2.0,4.0
2000-09,24008,37,1372.0,688.0,176.0,113.0,97.0,61.0,71.0,54.0,54.0,28.0,23.0,31.0,33.0,20.0,19.0,21.0,18.0,12.0,13.0,11.0,9.0,20.0,3.0,6.0,16.0,0.0,2.0,4.0,4.0,2.0,4.0,4.0,3.0,0.0,2.0,2.0,4.0
2000-10,24009,37,1174.0,472.0,200.0,147.0,78.0,115.0,84.0,42.0,42.0,34.0,44.0,19.0,41.0,15.0,12.0,21.0,10.0,11.0,18.0,11.0,14.0,13.0,10.0,7.0,10.0,4.0,3.0,6.0,3.0,3.0,0.0,1.0,1.0,2.0,3.0,5.0,7.0
2000-11,24010,37,831.0,437.0,236.0,145.0,128.0,78.0,60.0,52.0,42.0,39.0,24.0,23.0,40.0,9.0,12.0,15.0,13.0,14.0,11.0,14.0,6.0,7.0,6.0,0.0,6.0,7.0,9.0,3.0,5.0,4.0,1.0,1.0,8.0,2.0,2.0,4.0,5.0
2000-12,24011,37,842.0,594.0,236.0,157.0,79.0,59.0,46.0,28.0,38.0,24.0,13.0,14.0,22.0,33.0,21.0,11.0,16.0,11.0,8.0,14.0,8.0,11.0,5.0,4.0,5.0,9.0,3.0,2.0,4.0,0.0,3.0,3.0,1.0,4.0,5.0,1.0,5.0
2001-01,24012,37,976.0,462.0,255.0,135.0,86.0,78.0,53.0,63.0,44.0,38.0,20.0,24.0,115.0,41.0,38.0,29.0,24.0,23.0,18.0,20.0,18.0,15.0,11.0,10.0,29.0,14.0,8.0,3.0,4.0,7.0,6.0,8.0,7.0,4.0,8.0,4.0,5.0
2001-02,24013,37,977.0,555.0,181.0,98.0,73.0,70.0,52.0,25.0,38.0,13.0,14.0,24.0,32.0,30.0,14.0,11.0,16.0,6.0,14.0,15.0,13.0,2.0,3.0,3.0,5.0,6.0,6.0,5.0,4.0,10.0,6.0,1.0,1.0,2.0,1.0,2.0,6.0
2001-03,24014,37,1364.0,519.0,175.0,108.0,78.0,74.0,47.0,44.0,25.0,20.0,24.0,17.0,42.0,33.0,19.0,13.0,12.0,12.0,9.0,6.0,4.0,8.0,8.0,6.0,10.0,9.0,5.0,2.0,11.0,7.0,7.0,3.0,6.0,1.0,3.0,2.0,16.0
2001-04,24015,37,1194.0,525.0,190.0,80.0,99.0,51.0,36.0,27.0,20.0,31.0,19.0,21.0,59.0,29.0,14.0,10.0,7.0,10.0,3.0,5.0,5.0,7.0,7.0,5.0,16.0,4.0,4.0,8.0,8.0,4.0,8.0,2.0,4.0,6.0,3.0,4.0,13.0
2001-05,24016,37,1200.0,536.0,180.0,142.0,55.0,58.0,47.0,28.0,28.0,31.0,17.0,32.0,49.0,29.0,17.0,28.0,18.0,10.0,6.0,6.0,10.0,8.0,7.0,13.0,11.0,7.0,16.0,10.0,7.0,9.0,7.0,3.0,6.0,3.0,6.0,7.0,8.0
2001-06,24017,37,1227.0,576.0,241.0,110.0,79.0,60.0,35.0,56.0,29.0,34.0,35.0,26.0,58.0,35.0,22.0,13.0,12.0,12.0,9.0,6.0,7.0,6.0,8.0,9.0,13.0,10.0,14.0,7.0,2.0,7.0,4.0,3.0,9.0,5.0,4.0,5.0,4.0
2001-07,24018,37,988.0,697.0,150.0,99.0,57.0,42.0,41.0,33.0,45.0,37.0,30.0,21.0,48.0,39.0,19.0,13.0,10.0,12.0,12.0,8.0,10.0,7.0,6.0,3.0,16.0,6.0,3.0,7.0,6.0,2.0,4.0,1.0,7.0,2.0,2.0,4.0,10.0
2001-08,24019,37,1361.0,500.0,182.0,88.0,47.0,78.0,38.0,29.0,23.0,30.0,38.0,34.0,55.0,15.0,11.0,10.0,4.0,14.0,16.0,10.0,12.0,8.0,7.0,7.0,18.0,13.0,8.0,4.0,5.0,5.0,5.0,10.0,3.0,2.0,4.0,4.0,3.0
2001-09,24020,37,791.0,443.0,117.0,67.0,60.0,57.0,58.0,61.0,42.0,17.0,34.0,26.0,46.0,17.0,7.0,8.0,11.0,17.0,14.0,11.0,3.0,3.0,3.0,3.0,10.0,6.0,4.0,4.0,5.0,5.0,6.0,2.0,2.0,0.0,4.0,3.0,6.0
2001-10,24021,37,833.0,370.0,141.0,118.0,61.0,67.0,63.0,37.0,41.0,37.0,32.0,26.0,38.0,18.0,6.0,14.0,7.0,7.0,9.0,8.0,5.0,10.0,9.0,6.0,14.0,17.0,4.0,4.0,2.0,5.0,5.0,3.0,6.0,1.0,7.0,5.0,8.0
2001-11,24022,37,805.0,281.0,188.0,87.0,76.0,71.0,45.0,52.0,39.0,37.0,15.0,12.0,31.0,11.0,20.0,8.0,9.0,11.0,5.0,9.0,7.0,9.0,8.0,6.0,14.0,4.0,5.0,4.0,12.0,3.0,2.0,2.0,7.0,5.0,7.0,1.0,4.0
2001-12,24023,37,802.0,577.0,163.0,113.0,87.0,53.0,45.0,35.0,39.0,18.0,21.0,17.0,16.0,24.0,9.0,12.0,2.0,7.0,7.0,8.0,11.0,6.0,5.0,3.0,16.0,3.0,4.0,6.0,6.0,5.0,3.0,5.0,2.0,4.0,3.0,2.0,10.0
2002-01,24024,37,1088.0,406.0,188.0,127.0,65.0,64.0,86.0,80.0,23.0,28.0,11.0,27.0,111.0,32.0,15.0,24.0,13.0,17.0,18.0,10.0,14.0,11.0,16.0,12.0,18.0,7.0,16.0,9.0,6.0,7.0,7.0,11.0,6.0,10.0,5.0,12.0,17.0
2002-02,24025,37,806.0,393.0,162.0,97.0,74.0,49.0,53.0,25.0,31.0,16.0,20.0,19.0,41.0,20.0,16.0,11.0,12.0,20.0,7.0,6.0,5.0,9.0,9.0,13.0,12.0,12.0,2.0,3.0,7.0,6.0,4.0,3.0,4.0,3.0,4.0,5.0,1.0
2002-03,24026,37,884.0,504.0,154.0,89.0,62.0,90.0,40.0,36.0,32.0,16.0,29.0,14.0,39.0,20.0,12.0,10.0,11.0,10.0,15.0,10.0,8.0,9.0,12.0,8.0,21.0,9.0,3.0,5.0,5.0,1.0,4.0,5.0,5.0,4.0,2.0,3.0,8.0
2002-04,24027,37,1057.0,397.0,167.0,93.0,83.0,59.0,33.0,17.0,19.0,35.0,23.0,14.0,33.0,21.0,20.0,22.0,13.0,7.0,13.0,7.0,5.0,10.0,11.0,11.0,13.0,3.0,5.0,5.0,4.0,2.0,2.0,9.0,3.0,2.0,4.0,5.0,7.0
2002-05,24028,37,962.0,556.0,212.0,132.0,90.0,61.0,29.0,26.0,37.0,28.0,23.0,21.0,38.0,18.0,22.0,17.0,18.0,11.0,9.0,11.0,7.0,8.0,8.0,10.0,12.0,10.0,5.0,10.0,8.0,7.0,6.0,8.0,6.0,5.0,4.0,5.0,10.0
2002-06,24029,37,1085.0,790.0,227.0,124.0,52.0,54.0,43.0,55.0,34.0,22.0,21.0,18.0,41.0,34.0,32.0,18.0,18.0,21.0,9.0,12.0,16.0,14.0,8.0,8.0,13.0,13.0,8.0,7.0,8.0,3.0,14.0,5.0,5.0,3.0,8.0,4.0,8.0
2002-07,24030,37,1265.0,738.0,252.0,122.0,51.0,51.0,49.0,27.0,26.0,22.0,15.0,23.0,48.0,18.0,12.0,15.0,15.0,8.0,8.0,7.0,12.0,11.0,3.0,6.0,17.0,5.0,5.0,9.0,8.0,5.0,2.0,2.0,1.0,6.0,4.0,2.0,7.0
2002-08,24031,37,1378.0,696.0,244.0,65.0,53.0,50.0,36.0,29.0,30.0,22.0,29.0,29.0,37.0,23.0,23.0,10.0,8.0,13.0,11.0,14.0,5.0,8.0,12.0,16.0,16.0,9.0,6.0,4.0,11.0,8.0,3.0,6.0,5.0,2.0,5.0,3.0,7.0
2002-09,24032,37,1254.0,550.0,120.0,83.0,81.0,42.0,26.0,25.0,29.0,23.0,22.0,18.0,25.0,29.0,15.0,8.0,12.0,13.0,16.0,11.0,9.0,11.0,7.0,7.0,15.0,3.0,4.0,10.0,5.0,5.0,8.0,4.0,9.0,6.0,5.0,11.0,7.0
2002-10,24033,37,1174.0,517.0,160.0,139.0,76.0,49.0,32.0,31.0,16.0,36.0,25.0,17.0,25.0,26.0,20.0,16.0,16.0,5.0,9.0,4.0,11.0,4.0,8.0,7.0,16.0,14.0,7.0,8.0,1.0,3.0,3.0,5.0,0.0,9.0,5.0,5.0,5.0
2002-11,24034,37,798.0,504.0,215.0,97.0,72.0,48.0,35.0,32.0,21.0,34.0,19.0,25.0,28.0,16.0,10.0,12.0,15.0,6.0,8.0,5.0,2.0,6.0,7.0,7.0,16.0,12.0,7.0,5.0,5.0,6.0,5.0,7.0,5.0,7.0,1.0,3.0,5.0
2002-12,24035,37,775.0,557.0,163.0,70.0,65.0,36.0,32.0,36.0,23.0,18.0,13.0,17.0,26.0,21.0,14.0,20.0,15.0,4.0,7.0,11.0,5.0,3.0,4.0,7.0,15.0,8.0,5.0,10.0,5.0,4.0,2.0,3.0,5.0,3.0,2.0,3.0,5.0
2003-01,24036,37,1368.0,502.0,157.0,93.0,62.0,52.0,66.0,40.0,37.0,36.0,24.0,18.0,94.0,42.0,40.0,21.0,12.0,17.0,12.0,20.0,14.0,19.0,19.0,15.0,15.0,15.0,20.0,10.0,12.0,15.0,4.0,14.0,8.0,8.0,7.0,6.0,4.0
2003-02,24037,37,1288.0,402.0,137.0,74.0,72.0,43.0,43.0,28.0,24.0,23.0,18.0,14.0,46.0,41.0,25.0,9.0,17.0,13.0,11.0,12.0,7.0,7.0,8.0,12.0,11.0,8.0,7.0,12.0,4.0,3.0,5.0,9.0,3.0,5.0,2.0,3.0,5.0
2003-03,24038,37,1466.0,428.0,152.0,93.0,72.0,62.0,39.0,37.0,36.0,30.0,33.0,20.0,57.0,28.0,16.0,19.0,20.0,13.0,12.0,6.0,13.0,9.0,7.0,3.0,17.0,9.0,3.0,12.0,6.0,6.0,7.0,1.0,2.0,3.0,4.0,3.0,6.0
2003-04,24039,37,1461.0,358.0,154.0,133.0,78.0,51.0,55.0,24.0,35.0,28.0,25.0,27.0,43.0,15.0,25.0,23.0,12.0,9.0,12.0,11.0,11.0,6.0,5.0,12.0,13.0,11.0,8.0,7.0,6.0,5.0,1.0,7.0,9.0,1.0,5.0,1.0,1.0
2003-05,24040,37,1505.0,512.0,274.0,136.0,90.0,62.0,33.0,32.0,33.0,30.0,27.0,28.0,29.0,27.0,23.0,20.0,15.0,20.0,14.0,13.0,14.0,9.0,10.0,8.0,10.0,10.0,8.0,12.0,10.0,5.0,9.0,7.0,1.0,0.0,4.0,3.0,1.0
2003-06,24041,37,1485.0,691.0,262.0,146.0,96.0,78.0,60.0,46.0,35.0,35.0,33.0,24.0,44.0,23.0,28.0,20.0,20.0,12.0,14.0,12.0,7.0,5.0,9.0,14.0,12.0,18.0,13.0,15.0,10.0,9.0,4.0,2.0,2.0,2.0,5.0,3.0,5.0
2003-07,24042,37,1837.0,675.0,289.0,125.0,123.0,72.0,44.0,51.0,51.0,34.0,23.0,18.0,30.0,30.0,19.0,11.0,11.0,20.0,13.0,6.0,8.0,6.0,15.0,7.0,22.0,17.0,12.0,13.0,8.0,6.0,3.0,2.0,3.0,2.0,0.0,4.0,4.0
2003-08,24043,37,1535.0,678.0,292.0,159.0,114.0,77.0,55.0,57.0,41.0,30.0,28.0,24.0,30.0,26.0,17.0,15.0,18.0,17.0,15.0,11.0,7.0,7.0,10.0,4.0,19.0,18.0,4.0,6.0,2.0,2.0,0.0,5.0,2.0,3.0,2.0,1.0,2.0
2003-09,24044,37,1372.0,579.0,265.0,137.0,90.0,65.0,55.0,52.0,28.0,28.0,42.0,25.0,44.0,23.0,17.0,19.0,14.0,9.0,14.0,4.0,7.0,11.0,8.0,10.0,10.0,12.0,4.0,2.0,5.0,0.0,3.0,0.0,2.0,0.0,3.0,2.0,8.0
2003-10,24045,37,1455.0,547.0,277.0,157.0,106.0,68.0,60.0,18.0,35.0,41.0,32.0,19.0,34.0,30.0,23.0,16.0,17.0,14.0,8.0,17.0,7.0,7.0,14.0,8.0,17.0,7.0,5.0,6.0,4.0,1.0,5.0,1.0,0.0,3.0,2.0,1.0,7.0
2003-11,24046,37,1219.0,522.0,228.0,136.0,110.0,60.0,33.0,40.0,46.0,31.0,18.0,18.0,41.0,35.0,25.0,20.0,18.0,9.0,6.0,10.0,5.0,8.0,12.0,15.0,14.0,4.0,8.0,0.0,4.0,1.0,0.0,3.0,2.0,3.0,2.0,5.0,2.0
2003-12,24047,37,1217.0,570.0,261.0,147.0,81.0,27.0,33.0,32.0,33.0,16.0,11.0,22.0,36.0,26.0,17.0,15.0,14.0,12.0,12.0,6.0,14.0,5.0,9.0,11.0,12.0,4.0,4.0,2.0,3.0,1.0,3.0,5.0,7.0,1.0,3.0,0.0,5.0
2004-01,24048,37,1570.0,641.0,375.0,173.0,65.0,80.0,52.0,54.0,41.0,37.0,27.0,31.0,88.0,38.0,41.0,19.0,34.0,27.0,16.0,14.0,17.0,17.0,19.0,15.0,14.0,9.0,6.0,5.0,7.0,3.0,5.0,11.0,1.0,4.0,7.0,5.0,8.0
2004-02,24049,37,1380.0,618.0,282.0,85.0,96.0,70.0,58.0,30.0,27.0,26.0,31.0,15.0,43.0,34.0,15.0,22.0,16.0,13.0,13.0,9.0,8.0,6.0,1.0,6.0,3.0,4.0,9.0,3.0,1.0,6.0,4.0,1.0,5.0,4.0,2.0,1.0,3.0
2004-03,24050,37,1751.0,640.0,210.0,171.0,96.0,81.0,58.0,36.0,32.0,32.0,37.0,20.0,52.0,25.0,22.0,19.0,13.0,23.0,13.0,8.0,8.0,9.0,6.0,5.0,9.0,7.0,4.0,6.0,4.0,7.0,1.0,4.0,4.0,3.0,2.0,4.0,6.0
2004-04,24051,37,1478.0,453.0,299.0,154.0,91.0,67.0,54.0,41.0,38.0,44.0,34.0,28.0,39.0,35.0,25.0,19.0,24.0,22.0,10.0,13.0,6.0,3.0,8.0,5.0,8.0,4.0,6.0,3.0,10.0,5.0,2.0,2.0,1.0,4.0,5.0,2.0,4.0
2004-05,24052,37,1161.0,601.0,297.0,154.0,94.0,53.0,61.0,52.0,50.0,31.0,34.0,18.0,59.0,36.0,14.0,21.0,14.0,13.0,17.0,13.0,7.0,3.0,5.0,8.0,8.0,10.0,5.0,5.0,4.0,4.0,3.0,3.0,7.0,2.0,4.0,4.0,9.0
2004-06,24053,37,1522.0,702.0,341.0,151.0,85.0,60.0,79.0,53.0,42.0,42.0,26.0,36.0,61.0,37.0,28.0,27.0,19.0,18.0,17.0,11.0,11.0,12.0,5.0,2.0,12.0,11.0,2.0,6.0,5.0,5.0,10.0,7.0,1.0,3.0,3.0,6.0,8.0
2004-07,24054,37,1536.0,838.0,297.0,144.0,101.0,92.0,59.0,61.0,46.0,27.0,34.0,28.0,47.0,46.0,16.0,19.0,17.0,9.0,9.0,8.0,9.0,4.0,5.0,5.0,11.0,5.0,7.0,11.0,4.0,4.0,9.0,1.0,7.0,1.0,2.0,1.0,6.0
2004-08,24055,37,1770.0,754.0,291.0,195.0,135.0,87.0,70.0,73.0,31.0,48.0,37.0,33.0,49.0,36.0,22.0,15.0,9.0,12.0,9.0,6.0,8.0,2.0,9.0,3.0,8.0,7.0,2.0,7.0,6.0,5.0,2.0,6.0,4.0,4.0,2.0,5.0,4.0
2004-09,24056,37,2073.0,684.0,335.0,168.0,118.0,61.0,57.0,47.0,59.0,56.0,44.0,39.0,46.0,24.0,21.0,7.0,5.0,9.0,10.0,4.0,7.0,4.0,4.0,6.0,4.0,6.0,5.0,5.0,1.0,2.0,4.0,5.0,2.0,3.0,6.0,3.0,5.0
2004-10,24057,37,1710.0,698.0,332.0,161.0,105.0,113.0,59.0,51.0,56.0,35.0,44.0,33.0,51.0,20.0,20.0,4.0,7.0,7.0,7.0,5.0,5.0,5.0,6.0,3.0,12.0,4.0,2.0,9.0,0.0,3.0,2.0,7.0,3.0,2.0,0.0,3.0,8.0
2004-11,24058,37,1365.0,692.0,301.0,182.0,121.0,58.0,70.0,53.0,45.0,57.0,24.0,22.0,40.0,17.0,13.0,15.0,10.0,4.0,4.0,4.0,3.0,9.0,9.0,7.0,7.0,10.0,3.0,3.0,3.0,7.0,4.0,4.0,2.0,3.0,5.0,3.0,2.0
2004-12,24059,37,1536.0,685.0,298.0,220.0,67.0,86.0,50.0,27.0,40.0,27.0,29.0,16.0,46.0,14.0,12.0,10.0,6.0,4.0,4.0,14.0,7.0,7.0,10.0,5.0,13.0,9.0,0.0,1.0,2.0,6.0,3.0,4.0,3.0,2.0,2.0,1.0,7.0
2005-01,24060,37,1366.0,553.0,399.0,139.0,122.0,92.0,53.0,79.0,48.0,52.0,41.0,28.0,45.0,24.0,13.0,11.0,22.0,16.0,18.0,13.0,10.0,7.0,9.0,10.0,13.0,15.0,5.0,14.0,18.0,12.0,14.0,7.0,8.0,10.0,10.0,9.0,8.0
2005-02,24061,37,1143.0,575.0,192.0,124.0,93.0,49.0,80.0,44.0,33.0,31.0,20.0,14.0,40.0,11.0,7.0,7.0,11.0,7.0,9.0,5.0,7.0,9.0,6.0,4.0,11.0,7.0,9.0,8.0,7.0,5.0,4.0,5.0,3.0,2.0,3.0,4.0,4.0
2005-03,24062,37,1401.0,486.0,247.0,144.0,96.0,89.0,59.0,41.0,29.0,24.0,25.0,21.0,42.0,18.0,9.0,7.0,18.0,5.0,9.0,9.0,8.0,6.0,6.0,2.0,11.0,5.0,17.0,0.0,8.0,9.0,7.0,5.0,0.0,1.0,3.0,4.0,8.0
2005-04,24063,37,1035.0,563.0,233.0,108.0,114.0,60.0,65.0,34.0,32.0,21.0,19.0,17.0,22.0,9.0,11.0,10.0,9.0,8.0,8.0,12.0,4.0,6.0,8.0,9.0,10.0,12.0,7.0,2.0,8.0,4.0,8.0,7.0,5.0,1.0,5.0,5.0,5.0
2005-05,24064,37,1250.0,625.0,214.0,180.0,96.0,65.0,43.0,42.0,16.0,24.0,15.0,7.0,25.0,24.0,15.0,23.0,12.0,15.0,8.0,7.0,10.0,7.0,15.0,9.0,18.0,4.0,8.0,7.0,6.0,4.0,8.0,4.0,5.0,6.0,10.0,4.0,7.0
2005-06,24065,37,1448.0,658.0,361.0,135.0,94.0,65.0,68.0,45.0,22.0,27.0,12.0,12.0,26.0,24.0,20.0,15.0,14.0,12.0,6.0,7.0,8.0,5.0,12.0,11.0,23.0,12.0,12.0,7.0,14.0,6.0,5.0,10.0,5.0,2.0,5.0,14.0,10.0
2005-07,24066,37,1451.0,864.0,271.0,155.0,76.0,57.0,60.0,29.0,36.0,11.0,14.0,11.0,34.0,24.0,7.0,8.0,10.0,7.0,7.0,8.0,7.0,9.0,9.0,4.0,18.0,12.0,10.0,7.0,10.0,6.0,4.0,2.0,2.0,5.0,8.0,3.0,10.0
2005-08,24067,37,1586.0,646.0,234.0,123.0,56.0,59.0,41.0,41.0,21.0,15.0,22.0,23.0,31.0,13.0,11.0,7.0,8.0,12.0,12.0,8.0,8.0,13.0,8.0,6.0,21.0,11.0,8.0,10.0,5.0,10.0,3.0,3.0,5.0,9.0,3.0,3.0,6.0
2005-09,24068,37,1301.0,546.0,175.0,100.0,64.0,44.0,28.0,22.0,14.0,28.0,14.0,14.0,24.0,18.0,6.0,9.0,8.0,11.0,9.0,11.0,9.0,6.0,7.0,6.0,5.0,10.0,4.0,4.0,4.0,4.0,4.0,2.0,2.0,4.0,5.0,8.0,8.0
2005-10,24069,37,1293.0,496.0,170.0,70.0,43.0,48.0,28.0,30.0,20.0,26.0,22.0,12.0,25.0,16.0,6.0,15.0,11.0,10.0,9.0,14.0,10.0,6.0,8.0,8.0,15.0,10.0,7.0,5.0,6.0,1.0,3.0,8.0,1.0,2.0,3.0,3.0,5.0
2005-11,24070,37,1119.0,409.0,166.0,62.0,68.0,45.0,25.0,24.0,22.0,24.0,9.0,17.0,27.0,11.0,14.0,18.0,13.0,10.0,11.0,11.0,9.0,8.0,4.0,9.0,14.0,5.0,4.0,2.0,7.0,6.0,5.0,2.0,4.0,4.0,1.0,2.0,5.0
2005-12,24071,37,1060.0,451.0,140.0,77.0,30.0,26.0,29.0,24.0,22.0,13.0,9.0,13.0,18.0,17.0,5.0,13.0,12.0,6.0,9.0,9.0,6.0,3.0,2.0,5.0,15.0,7.0,5.0,6.0,2.0,5.0,4.0,3.0,4.0,6.0,2.0,3.0,4.0
2006-01,24072,37,1150.0,370.0,139.0,74.0,56.0,47.0,47.0,39.0,27.0,22.0,17.0,30.0,64.0,24.0,37.0,22.0,22.0,17.0,17.0,12.0,14.0,14.0,16.0,13.0,29.0,10.0,13.0,10.0,9.0,11.0,12.0,14.0,10.0,16.0,13.0,10.0,18.0
2006-02,24073,37,1138.0,378.0,99.0,54.0,53.0,34.0,35.0,24.0,18.0,18.0,23.0,13.0,36.0,24.0,18.0,12.0,15.0,10.0,13.0,8.0,10.0,10.0,6.0,5.0,12.0,7.0,4.0,11.0,8.0,9.0,6.0,10.0,8.0,3.0,3.0,8.0,13.0
2006-03,24074,37,1452.0,323.0,146.0,85.0,51.0,50.0,37.0,34.0,23.0,16.0,12.0,14.0,39.0,20.0,13.0,12.0,22.0,17.0,6.0,9.0,12.0,12.0,9.0,7.0,13.0,13.0,7.0,8.0,8.0,6.0,3.0,8.0,4.0,9.0,4.0,3.0,7.0
2006-04,24075,37,1160.0,283.0,122.0,66.0,44.0,30.0,38.0,26.0,25.0,13.0,14.0,19.0,42.0,31.0,17.0,13.0,18.0,7.0,9.0,12.0,9.0,13.0,11.0,5.0,20.0,11.0,8.0,7.0,9.0,9.0,8.0,2.0,8.0,2.0,2.0,6.0,12.0
2006-05,24076,37,1269.0,358.0,149.0,104.0,46.0,57.0,36.0,26.0,29.0,17.0,30.0,24.0,38.0,29.0,25.0,17.0,14.0,14.0,12.0,13.0,9.0,8.0,12.0,11.0,15.0,15.0,11.0,11.0,11.0,9.0,9.0,13.0,6.0,5.0,7.0,4.0,13.0
2006-06,24077,37,1314.0,516.0,159.0,77.0,56.0,45.0,49.0,46.0,30.0,25.0,26.0,33.0,54.0,21.0,20.0,28.0,22.0,10.0,12.0,12.0,11.0,14.0,13.0,15.0,29.0,19.0,15.0,16.0,10.0,11.0,16.0,6.0,6.0,7.0,4.0,6.0,11.0
2006-07,24078,37,1466.0,548.0,112.0,88.0,53.0,28.0,35.0,33.0,36.0,23.0,22.0,19.0,49.0,18.0,20.0,13.0,15.0,11.0,11.0,9.0,13.0,14.0,12.0,12.0,15.0,10.0,6.0,11.0,13.0,10.0,6.0,3.0,6.0,5.0,5.0,6.0,19.0
2006-08,24079,37,1630.0,421.0,132.0,92.0,62.0,52.0,50.0,54.0,20.0,28.0,22.0,25.0,46.0,23.0,17.0,14.0,20.0,18.0,13.0,23.0,12.0,16.0,8.0,11.0,27.0,15.0,6.0,11.0,3.0,6.0,0.0,3.0,5.0,5.0,6.0,4.0,11.0
2006-09,24080,37,1298.0,435.0,137.0,97.0,66.0,54.0,67.0,45.0,33.0,24.0,24.0,19.0,49.0,18.0,14.0,11.0,12.0,19.0,12.0,10.0,6.0,13.0,9.0,10.0,21.0,13.0,4.0,5.0,6.0,6.0,7.0,7.0,4.0,6.0,3.0,4.0,4.0
2006-10,24081,37,1371.0,435.0,183.0,111.0,78.0,57.0,46.0,39.0,22.0,25.0,32.0,25.0,41.0,21.0,22.0,19.0,11.0,9.0,12.0,9.0,9.0,9.0,8.0,13.0,21.0,15.0,9.0,6.0,1.0,4.0,9.0,4.0,6.0,2.0,3.0,1.0,11.0
2006-11,24082,37,1288.0,442.0,178.0,89.0,82.0,66.0,51.0,31.0,20.0,22.0,19.0,22.0,31.0,27.0,26.0,16.0,10.0,9.0,11.0,10.0,9.0,8.0,8.0,3.0,16.0,12.0,7.0,4.0,3.0,2.0,3.0,3.0,5.0,5.0,5.0,7.0,9.0
2006-12,24083,37,1304.0,504.0,157.0,131.0,60.0,55.0,38.0,44.0,32.0,18.0,21.0,11.0,32.0,29.0,18.0,15.0,13.0,12.0,7.0,9.0,9.0,6.0,4.0,3.0,14.0,7.0,4.0,7.0,2.0,2.0,4.0,2.0,1.0,3.0,6.0,4.0,15.0
2007-01,24084,37,1379.0,460.0,187.0,116.0,108.0,74.0,57.0,48.0,37.0,32.0,33.0,22.0,91.0,32.0,28.0,31.0,20.0,22.0,24.0,22.0,19.0,21.0,8.0,25.0,37.0,17.0,14.0,10.0,13.0,6.0,8.0,10.0,10.0,12.0,11.0,11.0,19.0
2007-02,24085,37,1142.0,418.0,166.0,82.0,60.0,46.0,47.0,31.0,29.0,24.0,16.0,19.0,41.0,25.0,22.0,19.0,9.0,15.0,10.0,13.0,12.0,10.0,10.0,9.0,22.0,12.0,8.0,8.0,6.0,4.0,3.0,4.0,7.0,6.0,4.0,2.0,36.0
2007-03,24086,37,1283.0,471.0,157.0,89.0,74.0,56.0,44.0,40.0,44.0,24.0,27.0,27.0,56.0,34.0,15.0,21.0,25.0,17.0,19.0,9.0,9.0,11.0,8.0,12.0,20.0,12.0,7.0,7.0,7.0,4.0,6.0,2.0,2.0,6.0,13.0,30.0,31.0
2007-04,24087,37,1123.0,457.0,114.0,90.0,72.0,48.0,35.0,38.0,19.0,20.0,21.0,28.0,48.0,33.0,20.0,23.0,17.0,14.0,18.0,16.0,5.0,8.0,8.0,7.0,17.0,14.0,3.0,7.0,10.0,10.0,10.0,6.0,11.0,5.0,31.0,20.0,16.0
2007-05,24088,37,1293.0,403.0,155.0,111.0,58.0,59.0,52.0,25.0,23.0,25.0,27.0,23.0,44.0,34.0,28.0,19.0,18.0,20.0,14.0,13.0,17.0,15.0,10.0,9.0,16.0,10.0,18.0,9.0,6.0,9.0,12.0,5.0,11.0,32.0,19.0,11.0,20.0
2007-06,24089,37,1098.0,509.0,208.0,123.0,82.0,66.0,50.0,51.0,39.0,53.0,34.0,44.0,58.0,57.0,29.0,29.0,22.0,14.0,19.0,16.0,16.0,17.0,21.0,14.0,21.0,15.0,15.0,11.0,9.0,10.0,7.0,5.0,35.0,23.0,9.0,9.0,14.0
2007-07,24090,37,1216.0,634.0,161.0,112.0,60.0,42.0,61.0,53.0,33.0,36.0,31.0,26.0,66.0,45.0,33.0,25.0,18.0,21.0,22.0,13.0,10.0,6.0,6.0,12.0,17.0,12.0,5.0,13.0,10.0,5.0,9.0,31.0,18.0,11.0,8.0,8.0,17.0
2007-08,24091,37,1435.0,524.0,196.0,129.0,64.0,115.0,80.0,79.0,75.0,49.0,32.0,35.0,63.0,40.0,18.0,16.0,10.0,15.0,16.0,11.0,15.0,14.0,11.0,8.0,20.0,7.0,12.0,10.0,10.0,7.0,37.0,23.0,10.0,12.0,7.0,10.0,23.0
2007-09,24092,37,1180.0,487.0,152.0,105.0,112.0,69.0,69.0,65.0,37.0,32.0,32.0,20.0,50.0,34.0,17.0,16.0,20.0,17.0,18.0,8.0,6.0,7.0,7.0,10.0,14.0,9.0,4.0,10.0,7.0,29.0,14.0,8.0,4.0,3.0,11.0,7.0,11.0
2007-10,24093,37,1260.0,480.0,151.0,132.0,89.0,83.0,63.0,52.0,37.0,31.0,35.0,29.0,41.0,16.0,24.0,21.0,16.0,15.0,13.0,10.0,4.0,4.0,10.0,6.0,25.0,12.0,5.0,6.0,32.0,29.0,10.0,5.0,3.0,6.0,9.0,5.0,19.0
2007-11,24094,37,1213.0,474.0,186.0,111.0,93.0,83.0,56.0,43.0,42.0,42.0,26.0,28.0,36.0,22.0,25.0,27.0,7.0,17.0,6.0,4.0,6.0,10.0,8.0,5.0,27.0,10.0,10.0,35.0,14.0,11.0,4.0,4.0,7.0,3.0,3.0,2.0,15.0
2007-12,24095,37,1208.0,569.0,192.0,101.0,70.0,49.0,43.0,32.0,46.0,31.0,21.0,14.0,41.0,26.0,17.0,10.0,14.0,9.0,9.0,7.0,10.0,5.0,2.0,5.0,16.0,16.0,36.0,25.0,4.0,5.0,10.0,6.0,10.0,1.0,2.0,4.0,20.0
2008-01,24096,37,1318.0,437.0,165.0,131.0,79.0,86.0,90.0,57.0,31.0,37.0,34.0,30.0,134.0,49.0,35.0,21.0,18.0,19.0,12.0,18.0,16.0,18.0,18.0,15.0,26.0,85.0,39.0,26.0,17.0,13.0,20.0,27.0,20.0,13.0,15.0,12.0,24.0
2008-02,24097,37,1238.0,451.0,151.0,108.0,61.0,78.0,51.0,40.0,20.0,28.0,25.0,31.0,64.0,53.0,16.0,19.0,6.0,7.0,12.0,16.0,7.0,14.0,6.0,6.0,57.0,29.0,12.0,11.0,7.0,8.0,8.0,2.0,5.0,5.0,5.0,2.0,12.0
2008-03,24098,37,1379.0,523.0,209.0,111.0,77.0,60.0,63.0,40.0,34.0,19.0,34.0,21.0,62.0,44.0,27.0,22.0,23.0,15.0,10.0,12.0,13.0,11.0,13.0,49.0,51.0,20.0,20.0,14.0,8.0,12.0,18.0,2.0,3.0,11.0,9.0,5.0,17.0
2008-04,24099,37,1311.0,473.0,172.0,110.0,83.0,60.0,59.0,27.0,27.0,30.0,21.0,18.0,75.0,26.0,12.0,10.0,15.0,19.0,14.0,18.0,9.0,10.0,51.0,28.0,28.0,21.0,11.0,15.0,11.0,10.0,12.0,9.0,5.0,4.0,4.0,4.0,12.0
2008-05,24100,37,1226.0,593.0,207.0,120.0,81.0,68.0,53.0,36.0,45.0,31.0,25.0,37.0,43.0,23.0,28.0,20.0,17.0,15.0,23.0,10.0,13.0,57.0,40.0,21.0,42.0,18.0,12.0,16.0,12.0,10.0,10.0,8.0,7.0,4.0,6.0,4.0,38.0
2008-06,24101,37,1391.0,622.0,280.0,134.0,91.0,55.0,53.0,54.0,38.0,39.0,36.0,23.0,48.0,48.0,25.0,25.0,23.0,25.0,27.0,17.0,65.0,49.0,23.0,26.0,36.0,25.0,39.0,20.0,15.0,9.0,17.0,10.0,9.0,13.0,5.0,14.0,29.0
2008-07,24102,37,1619.0,655.0,217.0,125.0,74.0,59.0,48.0,41.0,35.0,33.0,24.0,26.0,53.0,33.0,17.0,10.0,16.0,15.0,18.0,54.0,55.0,18.0,10.0,14.0,32.0,19.0,10.0,12.0,6.0,4.0,10.0,10.0,6.0,3.0,4.0,9.0,18.0
2008-08,24103,37,1602.0,658.0,203.0,101.0,89.0,67.0,52.0,52.0,31.0,34.0,12.0,19.0,45.0,27.0,28.0,14.0,17.0,11.0,44.0,52.0,18.0,17.0,12.0,19.0,41.0,20.0,12.0,13.0,8.0,12.0,5.0,10.0,4.0,6.0,5.0,2.0,20.0
2008-09,24104,37,1378.0,500.0,169.0,100.0,82.0,55.0,58.0,48.0,36.0,30.0,28.0,18.0,41.0,19.0,15.0,21.0,16.0,59.0,42.0,14.0,16.0,15.0,10.0,14.0,33.0,12.0,5.0,3.0,11.0,6.0,5.0,4.0,4.0,4.0,5.0,1.0,35.0
2008-10,24105,37,1340.0,490.0,177.0,133.0,81.0,78.0,62.0,44.0,33.0,31.0,31.0,21.0,45.0,17.0,18.0,21.0,71.0,46.0,15.0,10.0,13.0,14.0,15.0,12.0,27.0,15.0,13.0,10.0,10.0,2.0,6.0,4.0,3.0,6.0,2.0,4.0,37.0
2008-11,24106,37,1168.0,574.0,191.0,136.0,84.0,95.0,45.0,40.0,28.0,20.0,25.0,22.0,48.0,29.0,18.0,67.0,42.0,20.0,19.0,10.0,12.0,12.0,13.0,10.0,24.0,11.0,4.0,4.0,1.0,5.0,3.0,4.0,0.0,6.0,1.0,7.0,23.0
2008-12,24107,37,1390.0,644.0,209.0,131.0,68.0,53.0,41.0,25.0,25.0,24.0,21.0,21.0,43.0,28.0,79.0,44.0,12.0,12.0,16.0,12.0,12.0,9.0,5.0,5.0,23.0,5.0,8.0,8.0,6.0,5.0,3.0,5.0,6.0,6.0,4.0,10.0,23.0
2009-01,24108,37,1360.0,604.0,246.0,137.0,79.0,87.0,66.0,53.0,38.0,40.0,37.0,25.0,80.0,182.0,86.0,50.0,31.0,21.0,30.0,32.0,30.0,26.0,22.0,26.0,56.0,22.0,17.0,11.0,23.0,7.0,18.0,22.0,11.0,10.0,5.0,2.0,27.0
2009-02,24109,37,1210.0,502.0,170.0,81.0,53.0,51.0,36.0,40.0,29.0,43.0,17.0,19.0,119.0,81.0,36.0,24.0,14.0,13.0,18.0,11.0,13.0,11.0,11.0,7.0,30.0,11.0,8.0,9.0,10.0,7.0,7.0,8.0,7.0,8.0,1.0,4.0,28.0
2009-03,24110,37,1359.0,513.0,135.0,94.0,73.0,61.0,60.0,40.0,37.0,20.0,33.0,92.0,108.0,42.0,14.0,24.0,25.0,28.0,31.0,20.0,8.0,10.0,10.0,19.0,28.0,10.0,14.0,10.0,14.0,15.0,9.0,5.0,9.0,8.0,2.0,9.0,29.0
2009-04,24111,37,1388.0,448.0,136.0,105.0,72.0,57.0,53.0,37.0,34.0,35.0,83.0,74.0,65.0,32.0,23.0,39.0,29.0,33.0,18.0,11.0,8.0,11.0,8.0,11.0,20.0,17.0,9.0,8.0,8.0,11.0,5.0,6.0,4.0,15.0,4.0,7.0,26.0
2009-05,24112,37,1301.0,515.0,187.0,112.0,73.0,73.0,56.0,45.0,55.0,154.0,83.0,36.0,63.0,40.0,26.0,61.0,32.0,23.0,14.0,19.0,20.0,11.0,15.0,11.0,51.0,11.0,12.0,12.0,14.0,8.0,9.0,11.0,6.0,9.0,10.0,7.0,25.0
2009-06,24113,37,1281.0,560.0,191.0,139.0,93.0,92.0,67.0,67.0,202.0,126.0,69.0,40.0,74.0,52.0,41.0,32.0,27.0,14.0,24.0,13.0,20.0,16.0,13.0,34.0,43.0,18.0,18.0,17.0,10.0,9.0,16.0,9.0,12.0,9.0,3.0,6.0,29.0
2009-07,24114,37,1554.0,603.0,210.0,122.0,92.0,79.0,82.0,183.0,133.0,49.0,48.0,35.0,74.0,48.0,27.0,26.0,24.0,16.0,20.0,18.0,7.0,11.0,17.0,12.0,43.0,20.0,24.0,11.0,12.0,13.0,10.0,11.0,7.0,11.0,7.0,4.0,35.0
2009-08,24115,37,1591.0,631.0,221.0,142.0,111.0,106.0,341.0,144.0,64.0,37.0,47.0,46.0,78.0,30.0,23.0,26.0,18.0,20.0,21.0,13.0,7.0,13.0,15.0,8.0,41.0,20.0,12.0,5.0,8.0,7.0,11.0,6.0,8.0,7.0,1.0,6.0,24.0
2009-09,24116,37,1442.0,551.0,227.0,135.0,97.0,312.0,167.0,80.0,41.0,51.0,35.0,40.0,64.0,22.0,17.0,17.0,18.0,15.0,13.0,7.0,14.0,9.0,10.0,13.0,68.0,19.0,11.0,15.0,12.0,5.0,8.0,5.0,9.0,6.0,11.0,6.0,18.0
2009-10,24117,37,1664.0,625.0,199.0,158.0,405.0,219.0,101.0,62.0,49.0,55.0,32.0,44.0,49.0,35.0,22.0,14.0,19.0,12.0,13.0,15.0,7.0,14.0,11.0,13.0,55.0,17.0,22.0,6.0,10.0,6.0,5.0,8.0,3.0,4.0,7.0,2.0,29.0
2009-11,24118,37,1448.0,625.0,262.0,565.0,231.0,92.0,62.0,49.0,57.0,51.0,40.0,27.0,48.0,39.0,15.0,23.0,14.0,14.0,25.0,9.0,14.0,11.0,9.0,13.0,48.0,22.0,9.0,6.0,2.0,4.0,3.0,6.0,3.0,1.0,0.0,2.0,14.0
2009-12,24119,37,1651.0,746.0,799.0,318.0,109.0,76.0,60.0,67.0,61.0,41.0,27.0,28.0,52.0,24.0,8.0,16.0,12.0,12.0,10.0,13.0,5.0,16.0,11.0,16.0,46.0,13.0,9.0,8.0,6.0,6.0,7.0,3.0,2.0,6.0,6.0,3.0,15.0
2010-01,24120,37,1756.0,1870.0,544.0,188.0,122.0,86.0,100.0,107.0,75.0,35.0,43.0,42.0,121.0,52.0,38.0,31.0,31.0,25.0,24.0,35.0,20.0,6.0,22.0,16.0,69.0,21.0,20.0,13.0,14.0,10.0,14.0,9.0,4.0,6.0,12.0,7.0,26.0
2010-02,24121,37,2943.0,1235.0,247.0,137.0,105.0,86.0,105.0,61.0,39.0,32.0,29.0,35.0,73.0,35.0,12.0,19.0,20.0,17.0,22.0,15.0,14.0,12.0,15.0,9.0,44.0,19.0,13.0,8.0,10.0,7.0,8.0,3.0,13.0,6.0,3.0,1.0,14.0
2010-03,24122,37,2640.0,837.0,261.0,145.0,136.0,120.0,78.0,74.0,41.0,32.0,38.0,30.0,64.0,24.0,21.0,27.0,21.0,22.0,15.0,11.0,7.0,21.0,22.0,12.0,60.0,15.0,9.0,13.0,11.0,9.0,9.0,10.0,2.0,6.0,6.0,6.0,34.0
2010-04,24123,37,2146.0,739.0,258.0,156.0,154.0,90.0,79.0,49.0,37.0,34.0,28.0,22.0,52.0,41.0,26.0,16.0,18.0,13.0,14.0,25.0,13.0,19.0,22.0,12.0,51.0,15.0,13.0,15.0,7.0,8.0,9.0,8.0,9.0,7.0,7.0,7.0,18.0
2010-05,24124,37,2086.0,861.0,330.0,218.0,153.0,89.0,70.0,49.0,47.0,42.0,19.0,16.0,88.0,38.0,25.0,30.0,21.0,21.0,10.0,19.0,19.0,17.0,23.0,8.0,37.0,14.0,24.0,17.0,8.0,14.0,5.0,5.0,7.0,4.0,9.0,11.0,24.0
2010-06,24125,37,2281.0,917.0,415.0,206.0,115.0,86.0,84.0,73.0,51.0,53.0,39.0,57.0,80.0,45.0,40.0,38.0,33.0,17.0,17.0,18.0,21.0,18.0,18.0,17.0,59.0,22.0,23.0,11.0,9.0,4.0,5.0,9.0,7.0,6.0,4.0,12.0,37.0
2010-07,24126,37,2584.0,1108.0,306.0,163.0,105.0,75.0,72.0,59.0,32.0,34.0,43.0,28.0,79.0,24.0,47.0,32.0,21.0,17.0,27.0,27.0,19.0,9.0,8.0,15.0,57.0,27.0,10.0,19.0,10.0,4.0,4.0,7.0,6.0,7.0,7.0,3.0,31.0
2010-08,24127,37,2751.0,981.0,258.0,139.0,106.0,103.0,88.0,60.0,43.0,54.0,31.0,32.0,82.0,67.0,37.0,32.0,24.0,25.0,23.0,20.0,12.0,8.0,13.0,11.0,49.0,11.0,26.0,8.0,4.0,3.0,11.0,9.0,7.0,11.0,7.0,6.0,26.0
2010-09,24128,37,2171.0,683.0,213.0,121.0,111.0,96.0,63.0,53.0,64.0,42.0,25.0,30.0,105.0,43.0,30.0,22.0,22.0,17.0,18.0,18.0,13.0,16.0,16.0,14.0,42.0,20.0,10.0,9.0,9.0,8.0,11.0,14.0,7.0,10.0,11.0,5.0,23.0
2010-10,24129,37,1938.0,747.0,247.0,163.0,118.0,73.0,71.0,66.0,39.0,48.0,38.0,38.0,102.0,44.0,25.0,34.0,23.0,20.0,17.0,7.0,13.0,16.0,10.0,10.0,49.0,17.0,15.0,13.0,10.0,6.0,7.0,9.0,16.0,9.0,10.0,5.0,24.0
2010-11,24130,37,1657.0,645.0,264.0,137.0,102.0,78.0,82.0,59.0,47.0,39.0,36.0,33.0,105.0,48.0,29.0,20.0,22.0,12.0,9.0,8.0,19.0,13.0,6.0,9.0,46.0,13.0,11.0,6.0,5.0,7.0,7.0,8.0,7.0,4.0,7.0,1.0,23.0
2010-12,24131,37,1794.0,815.0,236.0,135.0,81.0,84.0,52.0,27.0,36.0,42.0,37.0,27.0,88.0,46.0,30.0,27.0,16.0,14.0,13.0,10.0,13.0,5.0,14.0,8.0,42.0,8.0,4.0,12.0,10.0,9.0,5.0,4.0,5.0,3.0,6.0,5.0,12.0
2011-01,24132,37,1670.0,596.0,234.0,133.0,133.0,96.0,97.0,84.0,59.0,46.0,32.0,23.0,103.0,57.0,33.0,30.0,21.0,19.0,14.0,17.0,13.0,15.0,18.0,11.0,31.0,22.0,16.0,14.0,16.0,9.0,15.0,12.0,8.0,12.0,3.0,6.0,21.0
2011-02,24133,37,1413.0,520.0,161.0,149.0,86.0,66.0,72.0,41.0,39.0,50.0,25.0,31.0,87.0,41.0,28.0,16.0,14.0,15.0,11.0,9.0,15.0,7.0,10.0,6.0,31.0,14.0,8.0,15.0,11.0,8.0,9.0,4.0,2.0,3.0,6.0,4.0,18.0
2011-03,24134,37,1587.0,535.0,243.0,123.0,89.0,77.0,82.0,45.0,36.0,29.0,39.0,36.0,89.0,57.0,24.0,18.0,20.0,17.0,14.0,17.0,13.0,10.0,9.0,9.0,46.0,20.0,12.0,13.0,6.0,17.0,9.0,4.0,5.0,6.0,4.0,4.0,41.0
2011-04,24135,37,1420.0,617.0,193.0,113.0,100.0,69.0,58.0,41.0,38.0,43.0,40.0,27.0,85.0,46.0,15.0,14.0,20.0,16.0,23.0,9.0,11.0,9.0,17.0,10.0,35.0,14.0,13.0,10.0,12.0,7.0,5.0,6.0,7.0,8.0,5.0,14.0,53.0
2011-05,24136,37,1599.0,699.0,222.0,176.0,121.0,91.0,73.0,54.0,53.0,48.0,47.0,30.0,87.0,39.0,27.0,25.0,18.0,12.0,9.0,11.0,8.0,9.0,13.0,12.0,46.0,8.0,17.0,13.0,6.0,8.0,8.0,4.0,10.0,9.0,10.0,9.0,37.0
2011-06,24137,37,1793.0,715.0,265.0,147.0,106.0,92.0,63.0,71.0,63.0,52.0,29.0,35.0,95.0,64.0,40.0,28.0,24.0,15.0,12.0,12.0,22.0,11.0,13.0,24.0,53.0,22.0,20.0,10.0,14.0,12.0,10.0,6.0,5.0,14.0,11.0,15.0,54.0
2011-07,24138,37,1997.0,778.0,276.0,141.0,103.0,74.0,94.0,50.0,53.0,49.0,33.0,31.0,140.0,64.0,33.0,27.0,14.0,10.0,17.0,15.0,16.0,10.0,13.0,6.0,50.0,23.0,22.0,7.0,14.0,9.0,8.0,5.0,11.0,14.0,11.0,11.0,43.0
2011-08,24139,37,1974.0,653.0,246.0,145.0,94.0,74.0,68.0,82.0,40.0,36.0,28.0,49.0,109.0,56.0,22.0,16.0,19.0,15.0,16.0,11.0,14.0,17.0,14.0,18.0,54.0,24.0,17.0,15.0,8.0,8.0,9.0,11.0,7.0,8.0,9.0,14.0,58.0
2011-09,24140,37,1714.0,578.0,191.0,127.0,113.0,92.0,89.0,64.0,49.0,36.0,43.0,32.0,78.0,39.0,31.0,14.0,15.0,19.0,13.0,12.0,15.0,14.0,16.0,12.0,45.0,23.0,13.0,3.0,10.0,4.0,21.0,12.0,12.0,14.0,17.0,14.0,52.0
2011-10,24141,37,1531.0,571.0,221.0,151.0,105.0,103.0,75.0,45.0,55.0,41.0,39.0,27.0,102.0,36.0,25.0,13.0,24.0,21.0,20.0,16.0,12.0,10.0,19.0,12.0,42.0,5.0,13.0,9.0,5.0,11.0,19.0,13.0,14.0,7.0,15.0,14.0,47.0
2011-11,24142,37,1379.0,565.0,222.0,142.0,122.0,103.0,46.0,46.0,39.0,33.0,15.0,37.0,85.0,31.0,30.0,26.0,18.0,24.0,13.0,11.0,11.0,9.0,10.0,9.0,40.0,13.0,6.0,8.0,14.0,11.0,10.0,10.0,2.0,4.0,11.0,11.0,31.0
2011-12,24143,37,1385.0,589.0,226.0,157.0,92.0,47.0,39.0,38.0,29.0,24.0,29.0,21.0,75.0,39.0,18.0,18.0,16.0,20.0,16.0,12.0,10.0,10.0,7.0,10.0,27.0,13.0,7.0,21.0,17.0,17.0,8.0,10.0,9.0,10.0,16.0,9.0,24.0
2012-01,24144,37,1364.0,501.0,229.0,121.0,67.0,73.0,80.0,48.0,30.0,48.0,30.0,24.0,87.0,48.0,34.0,27.0,20.0,36.0,33.0,17.0,18.0,16.0,14.0,23.0,54.0,17.0,28.0,35.0,23.0,20.0,42.0,26.0,13.0,20.0,10.0,10.0,33.0
2012-02,24145,37,1251.0,515.0,169.0,104.0,79.0,60.0,62.0,42.0,37.0,30.0,16.0,31.0,77.0,41.0,23.0,32.0,15.0,20.0,21.0,13.0,8.0,8.0,8.0,5.0,49.0,38.0,32.0,24.0,22.0,19.0,8.0,15.0,10.0,10.0,4.0,6.0,29.0
2012-03,24146,37,1387.0,478.0,178.0,105.0,114.0,70.0,59.0,61.0,33.0,27.0,33.0,26.0,85.0,47.0,34.0,27.0,23.0,18.0,17.0,13.0,11.0,15.0,11.0,13.0,69.0,42.0,41.0,26.0,19.0,17.0,19.0,15.0,11.0,9.0,19.0,8.0,40.0
2012-04,24147,37,1255.0,492.0,185.0,108.0,89.0,52.0,74.0,47.0,31.0,27.0,33.0,27.0,84.0,42.0,28.0,26.0,12.0,14.0,15.0,17.0,6.0,17.0,20.0,20.0,75.0,36.0,29.0,15.0,23.0,30.0,20.0,8.0,7.0,6.0,8.0,14.0,27.0
2012-05,24148,37,1342.0,495.0,248.0,157.0,86.0,63.0,58.0,42.0,37.0,35.0,41.0,28.0,113.0,53.0,50.0,22.0,25.0,15.0,15.0,17.0,11.0,20.0,25.0,28.0,91.0,36.0,39.0,22.0,19.0,17.0,13.0,11.0,14.0,10.0,6.0,6.0,23.0
2012-06,24149,37,1493.0,628.0,240.0,124.0,110.0,80.0,66.0,73.0,58.0,47.0,57.0,38.0,130.0,76.0,52.0,32.0,31.0,18.0,15.0,19.0,14.0,40.0,34.0,21.0,102.0,41.0,39.0,33.0,29.0,30.0,18.0,9.0,11.0,11.0,10.0,7.0,25.0
2012-07,24150,37,1797.0,635.0,191.0,149.0,85.0,59.0,79.0,52.0,56.0,59.0,47.0,48.0,121.0,66.0,39.0,17.0,25.0,15.0,21.0,13.0,31.0,24.0,20.0,18.0,103.0,51.0,33.0,31.0,22.0,18.0,9.0,9.0,14.0,7.0,5.0,7.0,28.0
2012-08,24151,37,1785.0,554.0,251.0,121.0,70.0,71.0,65.0,56.0,48.0,69.0,36.0,47.0,121.0,53.0,23.0,19.0,20.0,21.0,13.0,19.0,27.0,30.0,28.0,33.0,106.0,43.0,31.0,23.0,20.0,12.0,12.0,7.0,10.0,6.0,10.0,9.0,37.0
2012-09,24152,37,1443.0,702.0,210.0,119.0,95.0,73.0,86.0,59.0,74.0,41.0,50.0,39.0,115.0,49.0,24.0,15.0,20.0,21.0,32.0,30.0,24.0,25.0,27.0,25.0,99.0,38.0,20.0,16.0,11.0,15.0,4.0,7.0,6.0,8.0,7.0,7.0,24.0
2012-10,24153,37,1519.0,499.0,166.0,164.0,98.0,99.0,94.0,77.0,61.0,49.0,34.0,40.0,91.0,53.0,25.0,20.0,21.0,41.0,27.0,20.0,30.0,23.0,22.0,24.0,82.0,35.0,16.0,19.0,16.0,8.0,11.0,7.0,10.0,9.0,7.0,14.0,39.0
2012-11,24154,37,1260.0,449.0,201.0,122.0,93.0,96.0,81.0,69.0,59.0,54.0,29.0,27.0,82.0,40.0,28.0,26.0,39.0,38.0,23.0,24.0,21.0,26.0,15.0,21.0,72.0,26.0,14.0,19.0,10.0,8.0,11.0,8.0,9.0,7.0,7.0,5.0,22.0
2012-12,24155,37,1170.0,616.0,205.0,146.0,83.0,85.0,95.0,59.0,56.0,32.0,27.0,27.0,88.0,41.0,32.0,42.0,30.0,23.0,28.0,31.0,18.0,23.0,17.0,13.0,51.0,21.0,15.0,11.0,11.0,12.0,9.0,5.0,6.0,7.0,10.0,1.0,17.0
2013-01,24156,37,1451.0,551.0,253.0,151.0,114.0,141.0,102.0,82.0,63.0,36.0,40.0,32.0,114.0,71.0,62.0,67.0,51.0,41.0,44.0,44.0,42.0,38.0,22.0,25.0,73.0,43.0,25.0,15.0,25.0,10.0,14.0,19.0,11.0,18.0,20.0,7.0,24.0
2013-02,24157,37,1447.0,533.0,181.0,139.0,105.0,79.0,67.0,44.0,35.0,15.0,29.0,32.0,93.0,72.0,55.0,33.0,45.0,34.0,25.0,29.0,22.0,21.0,12.0,17.0,48.0,23.0,11.0,9.0,17.0,10.0,13.0,4.0,7.0,10.0,8.0,4.0,14.0
2013-03,24158,37,1599.0,559.0,222.0,161.0,109.0,83.0,77.0,38.0,46.0,37.0,39.0,34.0,141.0,103.0,64.0,54.0,55.0,49.0,33.0,38.0,18.0,16.0,22.0,24.0,60.0,24.0,24.0,14.0,22.0,16.0,8.0,13.0,9.0,4.0,5.0,6.0,16.0
2013-04,24159,37,1500.0,612.0,250.0,153.0,107.0,98.0,73.0,56.0,51.0,42.0,26.0,62.0,163.0,99.0,48.0,47.0,47.0,42.0,22.0,25.0,16.0,20.0,23.0,24.0,76.0,19.0,16.0,17.0,15.0,14.0,11.0,5.0,4.0,8.0,4.0,5.0,17.0
2013-05,24160,37,1949.0,783.0,282.0,172.0,126.0,70.0,63.0,45.0,40.0,35.0,55.0,55.0,144.0,93.0,86.0,53.0,51.0,40.0,30.0,16.0,17.0,12.0,25.0,19.0,66.0,20.0,21.0,28.0,13.0,16.0,11.0,3.0,5.0,4.0,6.0,4.0,30.0
2013-06,24161,37,2268.0,903.0,272.0,197.0,102.0,77.0,75.0,74.0,44.0,74.0,90.0,90.0,177.0,113.0,80.0,70.0,63.0,33.0,28.0,39.0,21.0,33.0,27.0,22.0,81.0,39.0,32.0,31.0,14.0,13.0,9.0,5.0,9.0,10.0,5.0,6.0,22.0
2013-07,24162,37,2579.0,854.0,279.0,161.0,85.0,74.0,82.0,57.0,97.0,83.0,84.0,68.0,198.0,112.0,75.0,57.0,43.0,36.0,24.0,28.0,13.0,25.0,13.0,23.0,75.0,36.0,24.0,17.0,9.0,4.0,11.0,9.0,2.0,8.0,8.0,4.0,20.0
2013-08,24163,37,2515.0,883.0,224.0,145.0,95.0,77.0,65.0,117.0,101.0,82.0,76.0,87.0,211.0,107.0,68.0,37.0,37.0,29.0,32.0,26.0,18.0,21.0,18.0,20.0,79.0,35.0,15.0,12.0,6.0,4.0,10.0,8.0,8.0,1.0,7.0,6.0,22.0
2013-09,24164,37,2204.0,554.0,180.0,117.0,95.0,86.0,128.0,116.0,104.0,88.0,92.0,62.0,162.0,114.0,35.0,29.0,35.0,21.0,30.0,23.0,16.0,14.0,31.0,18.0,60.0,15.0,7.0,8.0,4.0,6.0,10.0,9.0,10.0,4.0,3.0,6.0,19.0
2013-10,24165,37,1870.0,625.0,199.0,150.0,113.0,156.0,148.0,121.0,106.0,84.0,65.0,80.0,195.0,84.0,42.0,51.0,28.0,27.0,25.0,17.0,20.0,20.0,22.0,20.0,64.0,5.0,6.0,7.0,7.0,6.0,7.0,8.0,1.0,5.0,2.0,5.0,20.0
2013-11,24166,37,1625.0,616.0,234.0,141.0,206.0,186.0,158.0,117.0,107.0,71.0,85.0,68.0,152.0,70.0,53.0,37.0,43.0,20.0,26.0,18.0,20.0,13.0,20.0,10.0,52.0,11.0,9.0,12.0,0.0,6.0,4.0,2.0,5.0,8.0,3.0,4.0,8.0
2013-12,24167,37,1553.0,688.0,289.0,317.0,240.0,176.0,139.0,122.0,92.0,93.0,68.0,55.0,117.0,79.0,50.0,38.0,27.0,24.0,29.0,28.0,22.0,21.0,11.0,11.0,32.0,9.0,5.0,7.0,7.0,3.0,8.0,5.0,3.0,4.0,5.0,4.0,15.0
2014-01,24168,37,1924.0,623.0,404.0,320.0,222.0,234.0,214.0,149.0,116.0,101.0,67.0,62.0,178.0,84.0,69.0,57.0,43.0,27.0,61.0,34.0,21.0,28.0,14.0,25.0,73.0,15.0,20.0,18.0,18.0,11.0,15.0,10.0,16.0,13.0,6.0,12.0,22.0
2014-02,24169,37,1791.0,824.0,402.0,231.0,181.0,160.0,143.0,130.0,87.0,49.0,27.0,58.0,142.0,81.0,49.0,40.0,26.0,34.0,31.0,24.0,21.0,17.0,12.0,14.0,62.0,5.0,11.0,10.0,9.0,14.0,10.0,4.0,8.0,2.0,6.0,2.0,14.0
2014-03,24170,37,2289.0,924.0,363.0,275.0,204.0,161.0,157.0,119.0,80.0,59.0,65.0,64.0,149.0,87.0,44.0,41.0,47.0,21.0,19.0,28.0,11.0,13.0,12.0,13.0,43.0,18.0,11.0,10.0,6.0,15.0,7.0,9.0,3.0,10.0,3.0,3.0,21.0
2014-04,24171,37,2313.0,859.0,387.0,273.0,189.0,163.0,138.0,82.0,61.0,68.0,55.0,54.0,120.0,77.0,40.0,41.0,42.0,35.0,29.0,13.0,19.0,18.0,21.0,17.0,41.0,10.0,15.0,16.0,11.0,11.0,13.0,7.0,9.0,8.0,8.0,3.0,12.0
2014-05,24172,37,2546.0,1001.0,467.0,293.0,253.0,160.0,119.0,89.0,110.0,48.0,61.0,54.0,157.0,74.0,75.0,69.0,46.0,34.0,19.0,23.0,11.0,12.0,18.0,19.0,40.0,25.0,13.0,15.0,10.0,13.0,4.0,8.0,7.0,5.0,6.0,3.0,15.0
2014-06,24173,37,2636.0,1111.0,479.0,333.0,218.0,161.0,131.0,165.0,116.0,106.0,94.0,62.0,220.0,135.0,127.0,84.0,58.0,43.0,37.0,41.0,28.0,19.0,12.0,22.0,61.0,19.0,25.0,13.0,13.0,9.0,11.0,6.0,8.0,13.0,6.0,6.0,17.0
2014-07,24174,37,3069.0,1089.0,432.0,283.0,187.0,126.0,190.0,98.0,79.0,83.0,74.0,76.0,181.0,105.0,60.0,85.0,40.0,27.0,39.0,20.0,18.0,20.0,7.0,16.0,47.0,21.0,15.0,9.0,9.0,4.0,4.0,5.0,8.0,6.0,7.0,4.0,11.0
2014-08,24175,37,3130.0,1132.0,511.0,274.0,148.0,155.0,133.0,100.0,91.0,77.0,65.0,73.0,187.0,85.0,54.0,33.0,27.0,31.0,14.0,22.0,11.0,14.0,11.0,15.0,40.0,11.0,8.0,13.0,9.0,7.0,6.0,6.0,5.0,6.0,5.0,9.0,18.0
2014-09,24176,37,2922.0,1066.0,386.0,208.0,269.0,187.0,207.0,150.0,116.0,130.0,121.0,107.0,259.0,156.0,40.0,27.0,33.0,24.0,26.0,19.0,20.0,15.0,17.0,18.0,36.0,10.0,9.0,5.0,7.0,5.0,9.0,8.0,2.0,3.0,4.0,8.0,14.0
2014-10,24177,37,2788.0,1000.0,379.0,343.0,199.0,193.0,148.0,126.0,119.0,112.0,87.0,68.0,166.0,41.0,35.0,31.0,24.0,24.0,21.0,17.0,16.0,18.0,16.0,14.0,32.0,14.0,5.0,8.0,11.0,8.0,6.0,6.0,6.0,4.0,6.0,5.0,18.0
2014-11,24178,37,2572.0,871.0,383.0,305.0,205.0,150.0,146.0,112.0,142.0,139.0,108.0,53.0,93.0,33.0,27.0,25.0,19.0,25.0,22.0,9.0,19.0,11.0,15.0,11.0,30.0,7.0,5.0,8.0,9.0,2.0,4.0,5.0,5.0,4.0,7.0,2.0,8.0
2014-12,24179,37,2596.0,943.0,394.0,285.0,181.0,136.0,119.0,113.0,84.0,78.0,59.0,36.0,96.0,38.0,23.0,24.0,27.0,17.0,15.0,13.0,8.0,6.0,11.0,13.0,33.0,7.0,9.0,10.0,6.0,5.0,6.0,4.0,2.0,2.0,7.0,5.0,12.0
2015-01,24180,37,2835.0,831.0,433.0,254.0,206.0,153.0,190.0,132.0,143.0,103.0,48.0,63.0,194.0,89.0,57.0,52.0,43.0,40.0,33.0,32.0,26.0,24.0,14.0,28.0,45.0,18.0,29.0,15.0,15.0,15.0,15.0,31.0,7.0,15.0,18.0,16.0,20.0
2015-02,24181,37,2378.0,919.0,291.0,222.0,186.0,184.0,170.0,136.0,92.0,70.0,45.0,75.0,134.0,66.0,31.0,30.0,29.0,27.0,21.0,22.0,24.0,7.0,12.0,12.0,25.0,12.0,7.0,16.0,3.0,9.0,9.0,10.0,9.0,13.0,6.0,3.0,11.0
2015-03,24182,37,2777.0,759.0,275.0,202.0,186.0,154.0,145.0,104.0,88.0,63.0,62.0,55.0,133.0,39.0,28.0,28.0,31.0,30.0,21.0,16.0,8.0,15.0,6.0,9.0,30.0,17.0,13.0,11.0,10.0,10.0,8.0,12.0,15.0,8.0,5.0,0.0,16.0
2015-04,24183,37,2551.0,745.0,284.0,252.0,196.0,116.0,144.0,74.0,58.0,83.0,52.0,32.0,111.0,36.0,35.0,29.0,20.0,22.0,19.0,9.0,16.0,9.0,9.0,17.0,30.0,10.0,12.0,10.0,12.0,9.0,13.0,11.0,8.0,2.0,6.0,4.0,21.0
2015-05,24184,37,2241.0,831.0,510.0,386.0,375.0,253.0,197.0,126.0,178.0,113.0,81.0,76.0,140.0,87.0,49.0,65.0,37.0,43.0,29.0,43.0,35.0,26.0,24.0,15.0,40.0,22.0,20.0,18.0,15.0,23.0,25.0,20.0,10.0,11.0,8.0,5.0,21.0
2015-06,24185,37,2377.0,989.0,481.0,386.0,327.0,231.0,221.0,189.0,125.0,102.0,93.0,70.0,147.0,60.0,56.0,24.0,36.0,18.0,22.0,32.0,18.0,24.0,21.0,20.0,42.0,21.0,15.0,15.0,17.0,23.0,8.0,10.0,7.0,2.0,3.0,13.0,17.0
2015-07,24186,37,2718.0,1023.0,497.0,396.0,284.0,232.0,241.0,143.0,126.0,129.0,93.0,62.0,154.0,72.0,40.0,37.0,29.0,23.0,26.0,14.0,24.0,12.0,11.0,11.0,37.0,14.0,12.0,17.0,11.0,9.0,7.0,5.0,7.0,9.0,5.0,2.0,13.0
2015-08,24187,37,2659.0,1007.0,501.0,271.0,203.0,155.0,134.0,91.0,79.0,65.0,61.0,56.0,105.0,41.0,30.0,22.0,23.0,14.0,24.0,17.0,14.0,12.0,6.0,13.0,52.0,6.0,14.0,16.0,15.0,9.0,8.0,4.0,1.0,3.0,3.0,5.0,15.0
2015-09,24188,37,2633.0,1014.0,351.0,223.0,179.0,139.0,116.0,111.0,62.0,58.0,57.0,40.0,87.0,33.0,19.0,20.0,16.0,14.0,17.0,10.0,9.0,3.0,12.0,8.0,36.0,11.0,13.0,11.0,7.0,4.0,2.0,1.0,8.0,6.0,8.0,2.0,4.0
2015-10,24189,37,2949.0,938.0,354.0,245.0,151.0,149.0,102.0,84.0,56.0,62.0,48.0,37.0,83.0,22.0,24.0,35.0,21.0,17.0,14.0,18.0,16.0,7.0,15.0,10.0,54.0,14.0,15.0,10.0,5.0,7.0,5.0,5.0,4.0,4.0,6.0,2.0,14.0
2015-11,24190,37,2324.0,773.0,307.0,217.0,167.0,124.0,94.0,80.0,44.0,48.0,26.0,28.0,51.0,35.0,27.0,13.0,18.0,6.0,13.0,12.0,6.0,14.0,9.0,9.0,31.0,12.0,13.0,4.0,5.0,1.0,8.0,2.0,8.0,1.0,2.0,2.0,11.0
2015-12,24191,37,2328.0,865.0,410.0,240.0,152.0,102.0,74.0,75.0,75.0,41.0,23.0,24.0,56.0,36.0,27.0,13.0,17.0,18.0,7.0,15.0,16.0,11.0,8.0,7.0,36.0,10.0,6.0,3.0,13.0,6.0,6.0,3.0,7.0,2.0,3.0,5.0,15.0
2016-01,24192,37,2384.0,897.0,309.0,194.0,185.0,131.0,123.0,90.0,70.0,65.0,43.0,49.0,135.0,56.0,51.0,36.0,44.0,40.0,38.0,40.0,18.0,49.0,75.0,36.0,69.0,17.0,16.0,23.0,27.0,23.0,15.0,25.0,14.0,21.0,23.0,19.0,31.0
2016-02,24193,37,2230.0,788.0,350.0,225.0,165.0,158.0,230.0,154.0,131.0,98.0,117.0,124.0,138.0,119.0,86.0,75.0,51.0,53.0,64.0,22.0,88.0,99.0,53.0,29.0,42.0,17.0,13.0,12.0,17.0,18.0,12.0,16.0,16.0,16.0,11.0,10.0,37.0
2016-03,24194,37,2545.0,832.0,322.0,319.0,355.0,302.0,207.0,157.0,104.0,94.0,84.0,62.0,152.0,58.0,43.0,32.0,33.0,48.0,26.0,29.0,24.0,19.0,13.0,13.0,31.0,5.0,10.0,10.0,12.0,10.0,9.0,12.0,10.0,4.0,4.0,5.0,26.0
2016-04,24195,37,2368.0,812.0,349.0,236.0,193.0,126.0,123.0,80.0,77.0,76.0,58.0,75.0,86.0,37.0,29.0,22.0,25.0,16.0,24.0,31.0,21.0,12.0,12.0,10.0,43.0,12.0,7.0,13.0,13.0,12.0,12.0,7.0,5.0,3.0,8.0,6.0,19.0
2016-05,24196,37,2323.0,931.0,409.0,422.0,299.0,218.0,211.0,222.0,231.0,179.0,237.0,165.0,187.0,123.0,94.0,115.0,58.0,199.0,201.0,83.0,70.0,38.0,37.0,24.0,69.0,29.0,23.0,38.0,27.0,39.0,26.0,18.0,34.0,24.0,27.0,24.0,41.0
2016-06,24197,37,2912.0,948.0,482.0,289.0,252.0,198.0,193.0,211.0,148.0,163.0,97.0,114.0,169.0,98.0,106.0,66.0,273.0,328.0,176.0,116.0,71.0,65.0,76.0,75.0,99.0,34.0,59.0,26.0,84.0,66.0,34.0,24.0,14.0,13.0,13.0,9.0,29.0
2016-07,24198,37,3401.0,1336.0,559.0,423.0,286.0,306.0,276.0,195.0,211.0,152.0,110.0,95.0,172.0,112.0,60.0,243.0,263.0,115.0,84.0,43.0,41.0,37.0,39.0,36.0,49.0,33.0,18.0,43.0,38.0,19.0,18.0,17.0,18.0,18.0,6.0,4.0,31.0
2016-08,24199,37,3616.0,999.0,391.0,172.0,142.0,126.0,121.0,98.0,66.0,57.0,43.0,50.0,124.0,41.0,45.0,49.0,37.0,28.0,6.0,14.0,15.0,16.0,11.0,7.0,39.0,8.0,17.0,12.0,8.0,6.0,8.0,9.0,5.0,5.0,3.0,9.0,27.0
2016-09,24200,37,2917.0,886.0,290.0,185.0,141.0,138.0,128.0,109.0,80.0,81.0,77.0,70.0,85.0,40.0,50.0,25.0,12.0,12.0,17.0,12.0,13.0,10.0,11.0,14.0,30.0,9.0,13.0,4.0,6.0,7.0,4.0,10.0,2.0,3.0,5.0,7.0,19.0
2016-10,24201,37,2859.0,789.0,283.0,237.0,117.0,148.0,118.0,91.0,65.0,57.0,66.0,27.0,121.0,44.0,30.0,29.0,18.0,25.0,20.0,13.0,13.0,8.0,14.0,12.0,49.0,24.0,10.0,10.0,7.0,5.0,6.0,5.0,3.0,4.0,5.0,6.0,14.0
2016-11,24202,37,2345.0,793.0,293.0,181.0,171.0,105.0,88.0,61.0,54.0,55.0,35.0,48.0,85.0,40.0,28.0,14.0,20.0,8.0,18.0,13.0,11.0,6.0,7.0,10.0,33.0,15.0,11.0,5.0,8.0,7.0,2.0,6.0,5.0,1.0,3.0,6.0,11.0
2016-12,24203,37,2650.0,821.0,247.0,190.0,100.0,93.0,72.0,65.0,71.0,40.0,42.0,24.0,77.0,29.0,29.0,24.0,15.0,16.0,14.0,16.0,16.0,11.0,6.0,18.0,30.0,7.0,5.0,12.0,9.0,10.0,5.0,6.0,4.0,4.0,2.0,3.0,14.0
2017-01,24204,37,2535.0,748.0,376.0,218.0,183.0,159.0,142.0,203.0,107.0,209.0,204.0,91.0,159.0,66.0,48.0,42.0,39.0,37.0,30.0,49.0,32.0,58.0,53.0,32.0,52.0,31.0,38.0,22.0,20.0,11.0,16.0,20.0,14.0,22.0,17.0,13.0,38.0
2017-02,24205,37,2368.0,738.0,230.0,159.0,95.0,93.0,113.0,61.0,78.0,63.0,33.0,33.0,62.0,27.0,26.0,17.0,18.0,12.0,24.0,11.0,14.0,19.0,12.0,5.0,38.0,18.0,18.0,12.0,8.0,16.0,10.0,11.0,6.0,5.0,11.0,8.0,19.0
2017-03,24206,37,2614.0,778.0,268.0,206.0,131.0,150.0,97.0,147.0,140.0,63.0,74.0,57.0,82.0,56.0,32.0,31.0,22.0,28.0,18.0,46.0,30.0,12.0,16.0,14.0,55.0,18.0,6.0,6.0,12.0,14.0,11.0,10.0,6.0,5.0,5.0,9.0,11.0
2017-04,24207,37,2334.0,762.0,245.0,171.0,112.0,62.0,58.0,60.0,54.0,34.0,33.0,35.0,56.0,33.0,25.0,25.0,22.0,10.0,15.0,12.0,19.0,8.0,10.0,15.0,42.0,7.0,13.0,12.0,8.0,2.0,10.0,7.0,9.0,2.0,4.0,3.0,10.0
2017-05,24208,37,2464.0,764.0,293.0,198.0,116.0,92.0,97.0,57.0,62.0,44.0,22.0,23.0,67.0,26.0,26.0,34.0,16.0,12.0,15.0,13.0,13.0,12.0,5.0,18.0,35.0,5.0,16.0,13.0,12.0,5.0,5.0,9.0,9.0,4.0,5.0,5.0,12.0
2017-06,24209,37,2542.0,832.0,335.0,159.0,142.0,124.0,123.0,95.0,52.0,46.0,46.0,41.0,81.0,38.0,40.0,20.0,17.0,24.0,18.0,16.0,11.0,13.0,23.0,13.0,47.0,20.0,13.0,11.0,13.0,11.0,14.0,16.0,7.0,6.0,5.0,6.0,20.0
2017-07,24210,37,2675.0,993.0,240.0,186.0,150.0,84.0,84.0,59.0,44.0,35.0,23.0,18.0,67.0,36.0,16.0,30.0,28.0,15.0,12.0,14.0,13.0,12.0,10.0,13.0,58.0,17.0,14.0,11.0,10.0,11.0,12.0,7.0,6.0,3.0,6.0,5.0,23.0
2017-08,24211,37,2856.0,756.0,262.0,168.0,96.0,128.0,80.0,63.0,57.0,28.0,39.0,31.0,75.0,29.0,33.0,23.0,18.0,26.0,14.0,10.0,8.0,14.0,15.0,11.0,48.0,13.0,7.0,9.0,9.0,12.0,5.0,13.0,2.0,4.0,3.0,5.0,11.0
2017-09,24212,37,2236.0,785.0,283.0,146.0,106.0,104.0,66.0,55.0,36.0,33.0,37.0,31.0,60.0,25.0,24.0,15.0,15.0,18.0,13.0,11.0,16.0,13.0,12.0,11.0,40.0,11.0,10.0,6.0,12.0,6.0,4.0,2.0,1.0,4.0,2.0,6.0,25.0
2017-10,24213,37,3134.0,885.0,282.0,211.0,127.0,120.0,83.0,54.0,58.0,48.0,42.0,30.0,100.0,49.0,26.0,27.0,15.0,15.0,15.0,10.0,14.0,18.0,11.0,13.0,28.0,10.0,14.0,7.0,4.0,3.0,3.0,2.0,3.0,3.0,3.0,1.0,12.0
2017-11,24214,37,3210.0,772.0,309.0,178.0,157.0,94.0,87.0,67.0,46.0,36.0,34.0,31.0,71.0,36.0,23.0,23.0,14.0,25.0,8.0,11.0,21.0,14.0,9.0,11.0,27.0,14.0,9.0,8.0,10.0,4.0,2.0,4.0,6.0,4.0,3.0,2.0,15.0
2017-12,24215,37,2558.0,950.0,261.0,179.0,113.0,100.0,82.0,47.0,73.0,29.0,49.0,28.0,83.0,31.0,24.0,25.0,26.0,12.0,7.0,22.0,5.0,11.0,10.0,7.0,27.0,11.0,7.0,2.0,3.0,4.0,2.0,7.0,3.0,4.0,2.0,2.0,11.0
2018-01,24216,37,2734.0,778.0,336.0,192.0,157.0,111.0,107.0,109.0,69.0,97.0,69.0,55.0,148.0,75.0,61.0,48.0,35.0,35.0,34.0,28.0,28.0,29.0,17.0,26.0,40.0,28.0,14.0,7.0,9.0,4.0,9.0,13.0,9.0,15.0,12.0,7.0,28.0
2018-02,24217,37,2286.0,758.0,220.0,146.0,100.0,86.0,71.0,62.0,73.0,55.0,42.0,31.0,99.0,42.0,29.0,23.0,27.0,32.0,17.0,23.0,21.0,13.0,11.0,8.0,31.0,11.0,4.0,9.0,11.0,9.0,7.0,10.0,8.0,3.0,4.0,5.0,19.0
2018-03,24218,37,2411.0,798.0,250.0,152.0,111.0,103.0,54.0,84.0,59.0,33.0,36.0,31.0,113.0,46.0,40.0,26.0,39.0,19.0,17.0,25.0,10.0,11.0,13.0,10.0,29.0,4.0,5.0,9.0,8.0,10.0,11.0,7.0,4.0,6.0,3.0,3.0,20.0
2018-04,24219,37,2353.0,758.0,226.0,145.0,120.0,75.0,87.0,57.0,38.0,29.0,28.0,25.0,96.0,26.0,21.0,22.0,15.0,18.0,13.0,7.0,9.0,18.0,12.0,7.0,23.0,11.0,8.0,8.0,7.0,8.0,7.0,1.0,5.0,9.0,8.0,4.0,21.0
2018-05,24220,37,2683.0,795.0,334.0,206.0,100.0,127.0,99.0,54.0,57.0,46.0,43.0,35.0,87.0,33.0,38.0,22.0,25.0,24.0,17.0,16.0,13.0,18.0,11.0,3.0,22.0,13.0,6.0,7.0,9.0,9.0,6.0,6.0,8.0,4.0,8.0,3.0,14.0
2018-06,24221,37,2609.0,955.0,349.0,180.0,145.0,119.0,89.0,90.0,59.0,69.0,50.0,34.0,109.0,47.0,33.0,33.0,31.0,19.0,22.0,23.0,26.0,15.0,12.0,9.0,37.0,13.0,8.0,6.0,11.0,5.0,10.0,8.0,9.0,5.0,5.0,1.0,9.0
2018-07,24222,37,3063.0,954.0,244.0,200.0,121.0,70.0,86.0,73.0,64.0,54.0,39.0,24.0,108.0,32.0,28.0,22.0,10.0,18.0,11.0,13.0,16.0,11.0,8.0,10.0,27.0,9.0,11.0,7.0,9.0,9.0,4.0,4.0,2.0,5.0,2.0,3.0,7.0
2018-08,24223,37,3106.0,839.0,324.0,180.0,115.0,121.0,72.0,72.0,65.0,61.0,39.0,45.0,100.0,31.0,28.0,23.0,22.0,16.0,12.0,16.0,8.0,11.0,15.0,12.0,54.0,13.0,8.0,11.0,9.0,5.0,5.0,3.0,4.0,3.0,5.0,6.0,10.0
2018-09,24224,37,2525.0,993.0,286.0,138.0,119.0,90.0,87.0,69.0,36.0,36.0,38.0,25.0,76.0,37.0,20.0,20.0,11.0,13.0,11.0,10.0,9.0,5.0,7.0,10.0,45.0,6.0,8.0,4.0,12.0,8.0,6.0,5.0,2.0,4.0,3.0,3.0,11.0
2018-10,24225,37,3162.0,932.0,289.0,218.0,148.0,128.0,91.0,84.0,67.0,64.0,40.0,38.0,107.0,21.0,31.0,37.0,18.0,21.0,6.0,10.0,15.0,17.0,7.0,10.0,30.0,5.0,14.0,7.0,3.0,2.0,6.0,3.0,6.0,4.0,3.0,1.0,11.0
2018-11,24226,37,3110.0,949.0,364.0,202.0,170.0,115.0,59.0,70.0,59.0,52.0,36.0,29.0,70.0,28.0,34.0,24.0,15.0,8.0,8.0,7.0,7.0,9.0,6.0,5.0,25.0,10.0,9.0,9.0,7.0,6.0,2.0,4.0,2.0,4.0,2.0,4.0,7.0
2018-12,24227,37,2860.0,1042.0,296.0,200.0,197.0,94.0,72.0,64.0,37.0,34.0,39.0,21.0,60.0,36.0,24.0,17.0,9.0,7.0,7.0,10.0,9.0,15.0,5.0,5.0,15.0,9.0,5.0,10.0,5.0,9.0,3.0,1.0,2.0,1.0,4.0,5.0,7.0
2019-01,24228,37,2989.0,1033.0,441.0,252.0,195.0,163.0,111.0,112.0,90.0,79.0,59.0,65.0,133.0,71.0,40.0,21.0,36.0,49.0,32.0,33.0,25.0,21.0,31.0,23.0,44.0,23.0,35.0,15.0,13.0,8.0,10.0,6.0,7.0,5.0,8.0,9.0,12.0
2019-02,24229,37,3006.0,1032.0,358.0,191.0,127.0,106.0,75.0,67.0,57.0,49.0,44.0,49.0,85.0,37.0,21.0,19.0,23.0,21.0,10.0,15.0,11.0,10.0,16.0,17.0,40.0,13.0,8.0,6.0,2.0,5.0,6.0,2.0,4.0,7.0,4.0,3.0,11.0
2019-03,24230,37,3489.0,1085.0,351.0,193.0,157.0,84.0,94.0,75.0,56.0,54.0,34.0,54.0,57.0,20.0,27.0,31.0,22.0,20.0,16.0,9.0,14.0,7.0,14.0,16.0,37.0,10.0,8.0,5.0,7.0,3.0,4.0,6.0,2.0,3.0,5.0,4.0,18.0
2019-04,24231,37,3248.0,932.0,299.0,224.0,117.0,88.0,106.0,50.0,43.0,54.0,53.0,27.0,47.0,19.0,22.0,18.0,19.0,18.0,12.0,10.0,10.0,88.0,10.0,15.0,23.0,13.0,6.0,9.0,5.0,3.0,3.0,3.0,4.0,4.0,5.0,5.0,11.0
2019-05,24232,37,3306.0,986.0,448.0,204.0,182.0,157.0,79.0,67.0,75.0,50.0,38.0,24.0,60.0,30.0,18.0,20.0,20.0,14.0,10.0,12.0,14.0,9.0,11.0,11.0,25.0,9.0,4.0,3.0,4.0,4.0,3.0,2.0,4.0,4.0,7.0,8.0,12.0
2019-06,24233,37,3316.0,1193.0,369.0,210.0,172.0,94.0,86.0,98.0,79.0,49.0,23.0,38.0,82.0,43.0,20.0,21.0,23.0,19.0,24.0,13.0,16.0,18.0,15.0,12.0,18.0,6.0,7.0,7.0,5.0,7.0,6.0,9.0,4.0,6.0,4.0,3.0,13.0
2019-07,24234,37,3890.0,1048.0,357.0,213.0,122.0,100.0,103.0,83.0,45.0,36.0,24.0,29.0,74.0,34.0,29.0,26.0,24.0,16.0,28.0,13.0,16.0,13.0,10.0,13.0,29.0,7.0,9.0,4.0,5.0,8.0,2.0,5.0,6.0,5.0,2.0,2.0,13.0
2019-08,24235,37,3382.0,1053.0,367.0,193.0,142.0,137.0,98.0,56.0,40.0,40.0,46.0,29.0,83.0,25.0,28.0,12.0,19.0,15.0,17.0,17.0,13.0,11.0,9.0,11.0,23.0,10.0,7.0,2.0,7.0,7.0,6.0,7.0,2.0,1.0,9.0,6.0,24.0
2019-09,24236,37,3257.0,1073.0,291.0,202.0,160.0,93.0,68.0,32.0,40.0,41.0,44.0,28.0,66.0,24.0,22.0,20.0,17.0,8.0,26.0,12.0,4.0,4.0,5.0,5.0,20.0,5.0,3.0,4.0,3.0,8.0,7.0,1.0,7.0,3.0,6.0,6.0,11.0
2019-10,24237,37,3424.0,874.0,381.0,281.0,172.0,99.0,66.0,53.0,54.0,63.0,36.0,34.0,68.0,29.0,25.0,23.0,17.0,13.0,6.0,8.0,7.0,6.0,3.0,5.0,26.0,6.0,6.0,7.0,4.0,7.0,2.0,3.0,3.0,3.0,3.0,8.0,16.0
2019-11,24238,37,2853.0,1076.0,413.0,214.0,122.0,81.0,56.0,71.0,65.0,56.0,40.0,49.0,66.0,32.0,31.0,22.0,18.0,20.0,10.0,11.0,8.0,11.0,12.0,7.0,21.0,7.0,5.0,2.0,1.0,6.0,1.0,7.0,6.0,3.0,2.0,3.0,7.0
2019-12,24239,37,3078.0,1122.0,359.0,161.0,47.0,66.0,73.0,60.0,39.0,40.0,35.0,20.0,69.0,26.0,25.0,23.0,22.0,14.0,12.0,10.0,4.0,7.0,5.0,6.0,16.0,13.0,4.0,6.0,5.0,2.0,13.0,3.0,2.0,7.0,2.0,2.0,9.0
2020-01,24240,37,3211.0,967.0,318.0,140.0,155.0,167.0,120.0,98.0,96.0,65.0,54.0,49.0,110.0,54.0,51.0,42.0,15.0,26.0,15.0,17.0,15.0,12.0,10.0,8.0,27.0,13.0,16.0,7.0,7.0,12.0,10.0,7.0,9.0,9.0,9.0,5.0,22.0
2020-02,24241,37,2878.0,832.0,204.0,137.0,125.0,101.0,92.0,59.0,53.0,48.0,45.0,22.0,71.0,39.0,24.0,15.0,11.0,10.0,12.0,8.0,5.0,7.0,5.0,10.0,29.0,7.0,7.0,8.0,6.0,1.0,10.0,6.0,3.0,6.0,4.0,3.0,9.0
2020-03,24242,37,1997.0,411.0,209.0,204.0,144.0,114.0,115.0,85.0,47.0,46.0,30.0,32.0,93.0,29.0,23.0,14.0,19.0,17.0,14.0,12.0,7.0,4.0,6.0,6.0,27.0,6.0,8.0,9.0,5.0,5.0,4.0,3.0,4.0,8.0,3.0,4.0,21.0
2020-04,24243,37,1385.0,469.0,177.0,108.0,83.0,80.0,59.0,39.0,32.0,30.0,11.0,24.0,78.0,24.0,8.0,13.0,11.0,5.0,3.0,4.0,3.0,8.0,9.0,3.0,18.0,2.0,6.0,2.0,5.0,3.0,5.0,3.0,3.0,6.0,5.0,1.0,20.0
2020-05,24244,37,1931.0,762.0,240.0,150.0,113.0,62.0,55.0,43.0,39.0,27.0,37.0,27.0,37.0,20.0,13.0,13.0,6.0,7.0,9.0,8.0,2.0,7.0,5.0,2.0,26.0,8.0,4.0,14.0,7.0,4.0,4.0,5.0,3.0,3.0,3.0,7.0,20.0
2020-06,24245,37,2665.0,858.0,315.0,179.0,110.0,93.0,66.0,67.0,40.0,55.0,32.0,18.0,48.0,20.0,14.0,17.0,19.0,17.0,16.0,9.0,16.0,9.0,9.0,7.0,46.0,9.0,12.0,3.0,5.0,6.0,8.0,9.0,3.0,11.0,3.0,3.0,19.0
2020-07,24246,37,3058.0,981.0,309.0,147.0,92.0,81.0,77.0,48.0,52.0,30.0,34.0,25.0,59.0,18.0,13.0,16.0,11.0,12.0,12.0,7.0,7.0,9.0,8.0,10.0,19.0,11.0,6.0,5.0,5.0,6.0,7.0,3.0,3.0,4.0,4.0,2.0,12.0
2020-08,24247,37,2859.0,985.0,264.0,171.0,106.0,95.0,49.0,57.0,51.0,24.0,26.0,18.0,52.0,19.0,17.0,10.0,9.0,5.0,13.0,8.0,5.0,7.0,8.0,6.0,30.0,6.0,7.0,6.0,7.0,7.0,4.0,5.0,6.0,2.0,5.0,4.0,17.0
2020-09,24248,37,2829.0,787.0,267.0,158.0,104.0,72.0,66.0,47.0,32.0,24.0,19.0,17.0,42.0,9.0,8.0,9.0,6.0,10.0,9.0,4.0,4.0,7.0,5.0,7.0,27.0,6.0,6.0,3.0,8.0,7.0,8.0,2.0,5.0,4.0,3.0,2.0,16.0
2020-10,24249,37,2725.0,749.0,272.0,189.0,114.0,104.0,78.0,37.0,26.0,31.0,23.0,11.0,38.0,19.0,15.0,13.0,11.0,8.0,12.0,5.0,6.0,9.0,4.0,12.0,24.0,7.0,2.0,4.0,4.0,8.0,8.0,5.0,2.0,8.0,2.0,5.0,3.0
2020-11,24250,37,2246.0,751.0,269.0,129.0,129.0,77.0,51.0,29.0,41.0,27.0,14.0,15.0,44.0,14.0,14.0,19.0,10.0,12.0,4.0,11.0,11.0,8.0,7.0,2.0,16.0,5.0,5.0,2.0,5.0,4.0,1.0,3.0,1.0,2.0,4.0,1.0,12.0
2020-12,24251,37,2259.0,796.0,255.0,173.0,89.0,58.0,44.0,35.0,29.0,25.0,16.0,12.0,27.0,18.0,17.0,7.0,11.0,10.0,11.0,1.0,3.0,4.0,4.0,5.0,26.0,4.0,6.0,6.0,3.0,3.0,2.0,6.0,3.0,3.0,4.0,5.0,13.0
2021-01,24252,37,2301.0,783.0,367.0,167.0,83.0,95.0,59.0,47.0,41.0,32.0,28.0,32.0,63.0,38.0,34.0,23.0,16.0,24.0,10.0,11.0,19.0,13.0,16.0,6.0,38.0,14.0,23.0,5.0,8.0,13.0,13.0,9.0,10.0,10.0,11.0,3.0,14.0
2021-02,24253,37,2118.0,867.0,245.0,107.0,82.0,52.0,69.0,36.0,39.0,30.0,23.0,21.0,35.0,23.0,9.0,9.0,6.0,10.0,9.0,12.0,10.0,5.0,7.0,7.0,25.0,6.0,7.0,6.0,8.0,5.0,12.0,5.0,2.0,6.0,3.0,7.0,18.0
2021-03,24254,37,2733.0,707.0,216.0,125.0,98.0,72.0,47.0,37.0,39.0,31.0,26.0,23.0,80.0,26.0,17.0,19.0,22.0,19.0,19.0,16.0,8.0,9.0,7.0,7.0,24.0,6.0,8.0,7.0,5.0,8.0,7.0,5.0,4.0,3.0,6.0,5.0,15.0
2021-04,24255,37,2467.0,658.0,208.0,128.0,88.0,55.0,54.0,33.0,35.0,42.0,29.0,27.0,37.0,26.0,22.0,16.0,11.0,16.0,11.0,9.0,10.0,7.0,10.0,11.0,25.0,8.0,6.0,7.0,4.0,4.0,4.0,0.0,4.0,3.0,3.0,6.0,20.0
2021-05,24256,37,2076.0,653.0,242.0,132.0,89.0,65.0,56.0,37.0,26.0,25.0,31.0,16.0,71.0,27.0,15.0,17.0,12.0,10.0,16.0,10.0,7.0,7.0,10.0,7.0,21.0,4.0,14.0,6.0,5.0,8.0,5.0,7.0,5.0,2.0,1.0,5.0,9.0
2021-06,24257,37,2173.0,709.0,236.0,136.0,105.0,73.0,69.0,55.0,49.0,32.0,27.0,17.0,69.0,20.0,25.0,21.0,22.0,15.0,21.0,12.0,9.0,12.0,10.0,13.0,36.0,12.0,15.0,12.0,13.0,7.0,4.0,7.0,10.0,2.0,4.0,2.0,14.0
2021-07,24258,37,2462.0,734.0,203.0,132.0,74.0,71.0,54.0,59.0,38.0,31.0,25.0,23.0,49.0,25.0,21.0,10.0,10.0,16.0,14.0,16.0,6.0,5.0,10.0,8.0,20.0,19.0,8.0,9.0,7.0,6.0,7.0,5.0,4.0,3.0,4.0,2.0,11.0
2021-08,24259,37,2145.0,714.0,221.0,119.0,93.0,85.0,76.0,54.0,38.0,34.0,32.0,22.0,66.0,28.0,19.0,12.0,7.0,22.0,15.0,17.0,8.0,19.0,12.0,7.0,28.0,8.0,8.0,4.0,2.0,4.0,4.0,4.0,4.0,7.0,3.0,3.0,15.0
2021-09,24260,37,2052.0,667.0,188.0,122.0,71.0,98.0,66.0,41.0,37.0,23.0,31.0,20.0,68.0,22.0,8.0,10.0,9.0,8.0,11.0,6.0,5.0,9.0,9.0,6.0,29.0,15.0,3.0,8.0,5.0,4.0,2.0,3.0,6.0,4.0,1.0,2.0,16.0
2021-10,24261,37,2007.0,615.0,205.0,144.0,125.0,94.0,47.0,31.0,47.0,30.0,31.0,23.0,62.0,20.0,20.0,13.0,18.0,13.0,13.0,17.0,12.0,14.0,9.0,4.0,26.0,11.0,6.0,5.0,9.0,4.0,7.0,6.0,6.0,2.0,3.0,4.0,9.0
2021-11,24262,37,1791.0,642.0,216.0,186.0,140.0,78.0,55.0,50.0,47.0,30.0,29.0,24.0,49.0,23.0,21.0,16.0,12.0,18.0,31.0,11.0,5.0,14.0,11.0,15.0,20.0,8.0,10.0,5.0,6.0,3.0,7.0,6.0,3.0,6.0,3.0,4.0,10.0
2021-12,24263,37,1866.0,702.0,345.0,154.0,80.0,76.0,55.0,53.0,46.0,18.0,21.0,14.0,45.0,22.0,15.0,17.0,11.0,12.0,9.0,9.0,5.0,9.0,15.0,8.0,25.0,11.0,7.0,3.0,3.0,10.0,1.0,4.0,6.0,3.0,0.0,1.0,11.0
2022-01,24264,37,2097.0,896.0,298.0,162.0,109.0,107.0,96.0,74.0,53.0,37.0,30.0,18.0,87.0,33.0,41.0,25.0,22.0,18.0,22.0,25.0,12.0,14.0,15.0,13.0,37.0,12.0,17.0,13.0,15.0,16.0,8.0,12.0,7.0,10.0,20.0,5.0,25.0
2022-02,24265,37,2617.0,754.0,220.0,182.0,137.0,105.0,120.0,66.0,44.0,36.0,24.0,21.0,70.0,34.0,17.0,17.0,18.0,14.0,14.0,8.0,10.0,8.0,7.0,13.0,36.0,8.0,11.0,8.0,5.0,9.0,7.0,4.0,1.0,5.0,7.0,5.0,18.0
2022-03,24266,37,2315.0,597.0,239.0,192.0,129.0,107.0,103.0,65.0,36.0,44.0,42.0,35.0,74.0,28.0,23.0,17.0,12.0,20.0,9.0,7.0,6.0,13.0,7.0,4.0,25.0,9.0,7.0,10.0,6.0,2.0,5.0,9.0,7.0,6.0,3.0,1.0,23.0
2022-04,24267,37,1975.0,695.0,291.0,151.0,122.0,80.0,77.0,61.0,42.0,41.0,24.0,29.0,57.0,21.0,29.0,20.0,26.0,11.0,8.0,13.0,10.0,3.0,14.0,9.0,28.0,3.0,12.0,7.0,8.0,6.0,5.0,4.0,2.0,5.0,4.0,5.0,20.0
2022-05,24268,37,2126.0,876.0,305.0,215.0,102.0,97.0,76.0,48.0,61.0,36.0,35.0,25.0,79.0,37.0,19.0,28.0,10.0,15.0,15.0,9.0,10.0,12.0,5.0,7.0,32.0,15.0,8.0,10.0,5.0,3.0,2.0,7.0,7.0,5.0,9.0,6.0,23.0
2022-06,24269,37,2660.0,879.0,329.0,175.0,121.0,78.0,69.0,66.0,72.0,59.0,49.0,45.0,93.0,45.0,37.0,21.0,22.0,22.0,15.0,25.0,22.0,19.0,16.0,14.0,41.0,14.0,13.0,6.0,7.0,11.0,10.0,8.0,9.0,7.0,12.0,8.0,22.0
2022-07,24270,37,2631.0,977.0,307.0,160.0,87.0,73.0,87.0,63.0,60.0,39.0,29.0,32.0,64.0,38.0,29.0,13.0,15.0,15.0,6.0,11.0,7.0,7.0,7.0,11.0,46.0,14.0,4.0,6.0,6.0,6.0,6.0,5.0,3.0,4.0,6.0,3.0,23.0
2022-08,24271,37,2969.0,898.0,255.0,149.0,112.0,94.0,91.0,79.0,59.0,46.0,37.0,33.0,76.0,40.0,30.0,16.0,16.0,15.0,16.0,14.0,11.0,11.0,13.0,6.0,46.0,10.0,5.0,8.0,6.0,12.0,7.0,4.0,2.0,2.0,4.0,4.0,20.0
2022-09,24272,37,2688.0,771.0,249.0,151.0,141.0,96.0,95.0,66.0,64.0,30.0,24.0,27.0,70.0,30.0,16.0,22.0,21.0,17.0,15.0,18.0,12.0,8.0,7.0,15.0,25.0,10.0,8.0,7.0,7.0,7.0,8.0,7.0,7.0,5.0,4.0,11.0,22.0
2022-10,24273,37,2252.0,721.0,273.0,216.0,149.0,114.0,103.0,54.0,61.0,57.0,50.0,21.0,70.0,31.0,17.0,22.0,16.0,21.0,14.0,10.0,10.0,10.0,4.0,9.0,28.0,11.0,8.0,10.0,8.0,1.0,6.0,7.0,7.0,4.0,3.0,8.0,18.0
2022-11,24274,37,1992.0,685.0,354.0,221.0,171.0,114.0,86.0,59.0,59.0,43.0,35.0,32.0,58.0,27.0,26.0,26.0,22.0,10.0,13.0,5.0,7.0,6.0,6.0,7.0,14.0,6.0,7.0,7.0,8.0,5.0,3.0,6.0,8.0,11.0,2.0,0.0,9.0
2022-12,24275,37,2184.0,942.0,318.0,189.0,108.0,87.0,75.0,50.0,41.0,27.0,22.0,29.0,54.0,34.0,18.0,25.0,17.0,19.0,11.0,9.0,10.0,8.0,13.0,9.0,25.0,6.0,7.0,12.0,8.0,5.0,9.0,4.0,4.0,7.0,7.0,4.0,7.0
2023-01,24276,37,2578.0,858.0,358.0,190.0,145.0,131.0,99.0,86.0,75.0,57.0,31.0,29.0,79.0,54.0,40.0,26.0,29.0,28.0,22.0,25.0,22.0,28.0,15.0,15.0,36.0,18.0,17.0,15.0,17.0,15.0,18.0,12.0,16.0,8.0,11.0,11.0,24.0
2023-02,24277,37,2365.0,855.0,292.0,173.0,93.0,106.0,78.0,61.0,45.0,39.0,24.0,28.0,70.0,25.0,32.0,19.0,19.0,13.0,22.0,11.0,13.0,5.0,10.0,12.0,27.0,16.0,13.0,11.0,12.0,5.0,10.0,7.0,3.0,9.0,5.0,5.0,17.0
2023-03,24278,37,2688.0,855.0,312.0,189.0,119.0,125.0,88.0,66.0,49.0,42.0,50.0,37.0,73.0,38.0,32.0,24.0,21.0,23.0,14.0,18.0,10.0,10.0,13.0,14.0,54.0,13.0,11.0,8.0,10.0,11.0,11.0,5.0,5.0,3.0,5.0,5.0,23.0
2023-04,24279,37,2497.0,843.0,285.0,186.0,129.0,89.0,77.0,57.0,54.0,44.0,50.0,29.0,76.0,26.0,25.0,19.0,15.0,14.0,15.0,9.0,7.0,10.0,16.0,6.0,41.0,10.0,8.0,8.0,5.0,6.0,7.0,4.0,5.0,6.0,6.0,10.0,18.0
2023-05,24280,37,2663.0,941.0,391.0,258.0,189.0,129.0,101.0,81.0,96.0,81.0,60.0,61.0,86.0,47.0,44.0,31.0,20.0,17.0,12.0,13.0,20.0,13.0,19.0,11.0,40.0,17.0,14.0,10.0,4.0,6.0,12.0,7.0,3.0,3.0,8.0,8.0,20.0
2023-06,24281,37,2666.0,1020.0,439.0,215.0,158.0,120.0,118.0,135.0,99.0,62.0,64.0,50.0,88.0,51.0,43.0,23.0,22.0,22.0,18.0,25.0,14.0,19.0,13.0,15.0,53.0,22.0,11.0,8.0,17.0,7.0,11.0,10.0,7.0,10.0,7.0,5.0,17.0
2023-07,24282,36,3167.0,1161.0,356.0,226.0,145.0,91.0,115.0,83.0,75.0,51.0,50.0,28.0,94.0,32.0,27.0,20.0,15.0,17.0,19.0,12.0,14.0,13.0,10.0,8.0,57.0,18.0,11.0,11.0,13.0,5.0,8.0,7.0,8.0,4.0,7.0,5.0,0.0
2023-08,24283,35,3329.0,998.0,334.0,179.0,160.0,109.0,106.0,75.0,74.0,41.0,45.0,35.0,89.0,26.0,28.0,21.0,18.0,23.0,11.0,15.0,11.0,13.0,15.0,7.0,53.0,20.0,12.0,6.0,17.0,11.0,3.0,7.0,8.0,7.0,5.0,0.0,0.0
2023-09,24284,34,2886.0,947.0,337.0,221.0,216.0,154.0,132.0,121.0,82.0,55.0,48.0,44.0,59.0,26.0,22.0,17.0,22.0,16.0,19.0,14.0,9.0,8.0,8.0,9.0,46.0,10.0,19.0,8.0,6.0,10.0,10.0,8.0,3.0,6.0,0.0,0.0,0.0
2023-10,24285,33,2848.0,860.0,380.0,265.0,159.0,143.0,112.0,67.0,52.0,41.0,41.0,26.0,77.0,23.0,28.0,24.0,24.0,21.0,16.0,14.0,12.0,14.0,5.0,14.0,42.0,9.0,14.0,7.0,5.0,7.0,9.0,4.0,2.0,0.0,0.0,0.0,0.0
2023-11,24286,32,2482.0,975.0,429.0,251.0,166.0,110.0,107.0,68.0,67.0,55.0,40.0,26.0,63.0,37.0,35.0,23.0,20.0,20.0,23.0,16.0,13.0,7.0,16.0,8.0,39.0,10.0,6.0,9.0,9.0,4.0,6.0,2.0,0.0,0.0,0.0,0.0,0.0
2023-12,24287,31,2490.0,1065.0,356.0,231.0,168.0,131.0,67.0,84.0,54.0,54.0,59.0,61.0,93.0,58.0,43.0,32.0,27.0,28.0,22.0,19.0,32.0,23.0,16.0,9.0,48.0,10.0,12.0,13.0,18.0,7.0,7.0,0.0,0.0,0.0,0.0,0.0,0.0
2024-01,24288,30,3232.0,965.0,368.0,232.0,170.0,148.0,110.0,91.0,66.0,73.0,53.0,68.0,141.0,75.0,75.0,54.0,58.0,62.0,58.0,52.0,40.0,25.0,18.0,22.0,39.0,22.0,25.0,22.0,22.0,23.0,0.0,0.0,0.0,0.0,0.0,0.0,0.0
2024-02,24289,29,2755.0,891.0,322.0,185.0,150.0,106.0,109.0,66.0,91.0,74.0,53.0,75.0,106.0,70.0,39.0,25.0,26.0,40.0,22.0,26.0,24.0,16.0,14.0,11.0,43.0,10.0,12.0,6.0,1.0,0.0,0.0,0.0,0.0,0.0,0.0,0.0,0.0
2024-03,24290,28,2802.0,903.0,320.0,185.0,138.0,105.0,84.0,63.0,67.0,61.0,68.0,39.0,114.0,43.0,39.0,25.0,23.0,17.0,17.0,14.0,16.0,11.0,10.0,14.0,47.0,18.0,9.0,5.0,0.0,0.0,0.0,0.0,0.0,0.0,0.0,0.0,0.0
2024-04,24291,27,3140.0,826.0,298.0,173.0,133.0,84.0,85.0,67.0,39.0,54.0,43.0,41.0,79.0,40.0,24.0,16.0,19.0,21.0,28.0,18.0,12.0,10.0,11.0,9.0,39.0,7.0,6.0,0.0,0.0,0.0,0.0,0.0,0.0,0.0,0.0,0.0,0.0
2024-05,24292,26,3071.0,924.0,350.0,231.0,139.0,92.0,85.0,71.0,87.0,48.0,46.0,55.0,97.0,34.0,24.0,25.0,25.0,22.0,16.0,14.0,18.0,10.0,10.0,8.0,41.0,17.0,0.0,0.0,0.0,0.0,0.0,0.0,0.0,0.0,0.0,0.0,0.0
2024-06,24293,25,2933.0,971.0,394.0,201.0,139.0,106.0,97.0,95.0,71.0,49.0,43.0,38.0,98.0,44.0,31.0,25.0,24.0,18.0,33.0,28.0,17.0,22.0,10.0,18.0,36.0,0.0,0.0,0.0,0.0,0.0,0.0,0.0,0.0,0.0,0.0,0.0,0.0
2024-07,24294,24,3172.0,1070.0,341.0,205.0,144.0,79.0,99.0,78.0,70.0,54.0,30.0,28.0,108.0,36.0,29.0,26.0,20.0,21.0,29.0,22.0,24.0,7.0,9.0,14.0,0.0,0.0,0.0,0.0,0.0,0.0,0.0,0.0,0.0,0.0,0.0,0.0,0.0
2024-08,24295,23,3229.0,1068.0,396.0,205.0,156.0,159.0,92.0,99.0,79.0,61.0,62.0,49.0,80.0,42.0,26.0,16.0,22.0,19.0,22.0,16.0,27.0,17.0,10.0,0.0,0.0,0.0,0.0,0.0,0.0,0.0,0.0,0.0,0.0,0.0,0.0,0.0,0.0
2024-09,24296,22,2720.0,910.0,318.0,196.0,165.0,118.0,101.0,88.0,70.0,49.0,43.0,43.0,109.0,43.0,31.0,23.0,30.0,29.0,28.0,18.0,17.0,20.0,0.0,0.0,0.0,0.0,0.0,0.0,0.0,0.0,0.0,0.0,0.0,0.0,0.0,0.0,0.0
2024-10,24297,21,2986.0,899.0,341.0,257.0,161.0,125.0,126.0,71.0,81.0,65.0,57.0,54.0,72.0,35.0,34.0,25.0,22.0,33.0,33.0,14.0,11.0,0.0,0.0,0.0,0.0,0.0,0.0,0.0,0.0,0.0,0.0,0.0,0.0,0.0,0.0,0.0,0.0
2024-11,24298,20,2508.0,915.0,463.0,202.0,188.0,111.0,111.0,77.0,66.0,61.0,44.0,33.0,64.0,40.0,39.0,30.0,36.0,32.0,20.0,16.0,0.0,0.0,0.0,0.0,0.0,0.0,0.0,0.0,0.0,0.0,0.0,0.0,0.0,0.0,0.0,0.0,0.0
2024-12,24299,19,2750.0,1148.0,381.0,226.0,132.0,129.0,95.0,73.0,58.0,53.0,45.0,38.0,73.0,26.0,45.0,32.0,20.0,21.0,17.0,0.0,0.0,0.0,0.0,0.0,0.0,0.0,0.0,0.0,0.0,0.0,0.0,0.0,0.0,0.0,0.0,0.0,0.0
2025-01,24300,18,3163.0,1047.0,456.0,278.0,182.0,138.0,123.0,91.0,85.0,70.0,47.0,50.0,86.0,66.0,57.0,41.0,31.0,29.0,0.0,0.0,0.0,0.0,0.0,0.0,0.0,0.0,0.0,0.0,0.0,0.0,0.0,0.0,0.0,0.0,0.0,0.0,0.0
2025-02,24301,17,2737.0,972.0,401.0,225.0,141.0,114.0,102.0,60.0,63.0,44.0,48.0,47.0,87.0,38.0,36.0,21.0,15.0,0.0,0.0,0.0,0.0,0.0,0.0,0.0,0.0,0.0,0.0,0.0,0.0,0.0,0.0,0.0,0.0,0.0,0.0,0.0,0.0
2025-03,24302,16,3102.0,1051.0,356.0,207.0,147.0,141.0,122.0,82.0,50.0,54.0,57.0,44.0,98.0,31.0,32.0,37.0,0.0,0.0,0.0,0.0,0.0,0.0,0.0,0.0,0.0,0.0,0.0,0.0,0.0,0.0,0.0,0.0,0.0,0.0,0.0,0.0,0.0
2025-04,24303,15,3056.0,1028.0,331.0,262.0,161.0,104.0,97.0,69.0,51.0,58.0,34.0,55.0,75.0,34.0,34.0,0.0,0.0,0.0,0.0,0.0,0.0,0.0,0.0,0.0,0.0,0.0,0.0,0.0,0.0,0.0,0.0,0.0,0.0,0.0,0.0,0.0,0.0
2025-05,24304,14,3072.0,1058.0,484.0,263.0,179.0,102.0,88.0,81.0,67.0,60.0,42.0,44.0,77.0,62.0,0.0,0.0,0.0,0.0,0.0,0.0,0.0,0.0,0.0,0.0,0.0,0.0,0.0,0.0,0.0,0.0,0.0,0.0,0.0,0.0,0.0,0.0,0.0
2025-06,24305,13,3282.0,1259.0,442.0,268.0,155.0,109.0,123.0,93.0,69.0,70.0,62.0,45.0,113.0,0.0,0.0,0.0,0.0,0.0,0.0,0.0,0.0,0.0,0.0,0.0,0.0,0.0,0.0,0.0,0.0,0.0,0.0,0.0,0.0,0.0,0.0,0.0,0.0
2025-07,24306,12,3856.0,1186.0,466.0,248.0,135.0,93.0,120.0,98.0,72.0,58.0,57.0,57.0,0.0,0.0,0.0,0.0,0.0,0.0,0.0,0.0,0.0,0.0,0.0,0.0,0.0,0.0,0.0,0.0,0.0,0.0,0.0,0.0,0.0,0.0,0.0,0.0,0.0
2025-08,24307,11,3246.0,1237.0,421.0,184.0,149.0,141.0,136.0,121.0,85.0,69.0,55.0,0.0,0.0,0.0,0.0,0.0,0.0,0.0,0.0,0.0,0.0,0.0,0.0,0.0,0.0,0.0,0.0,0.0,0.0,0.0,0.0,0.0,0.0,0.0,0.0,0.0,0.0
2025-09,24308,10,2946.0,1026.0,350.0,209.0,174.0,143.0,144.0,90.0,62.0,69.0,0.0,0.0,0.0,0.0,0.0,0.0,0.0,0.0,0.0,0.0,0.0,0.0,0.0,0.0,0.0,0.0,0.0,0.0,0.0,0.0,0.0,0.0,0.0,0.0,0.0,0.0,0.0
2025-10,24309,9,3208.0,1028.0,462.0,305.0,257.0,205.0,141.0,97.0,99.0,0.0,0.0,0.0,0.0,0.0,0.0,0.0,0.0,0.0,0.0,0.0,0.0,0.0,0.0,0.0,0.0,0.0,0.0,0.0,0.0,0.0,0.0,0.0,0.0,0.0,0.0,0.0,0.0
2025-11,24310,8,2555.0,1135.0,505.0,265.0,191.0,127.0,86.0,78.0,0.0,0.0,0.0,0.0,0.0,0.0,0.0,0.0,0.0,0.0,0.0,0.0,0.0,0.0,0.0,0.0,0.0,0.0,0.0,0.0,0.0,0.0,0.0,0.0,0.0,0.0,0.0,0.0,0.0
2025-12,24311,7,2890.0,1303.0,498.0,297.0,186.0,114.0,95.0,0.0,0.0,0.0,0.0,0.0,0.0,0.0,0.0,0.0,0.0,0.0,0.0,0.0,0.0,0.0,0.0,0.0,0.0,0.0,0.0,0.0,0.0,0.0,0.0,0.0,0.0,0.0,0.0,0.0,0.0
2026-01,24312,6,3058.0,1244.0,509.0,293.0,161.0,140.0,0.0,0.0,0.0,0.0,0.0,0.0,0.0,0.0,0.0,0.0,0.0,0.0,0.0,0.0,0.0,0.0,0.0,0.0,0.0,0.0,0.0,0.0,0.0,0.0,0.0,0.0,0.0,0.0,0.0,0.0,0.0
2026-02,24313,5,2900.0,1216.0,407.0,191.0,153.0,0.0,0.0,0.0,0.0,0.0,0.0,0.0,0.0,0.0,0.0,0.0,0.0,0.0,0.0,0.0,0.0,0.0,0.0,0.0,0.0,0.0,0.0,0.0,0.0,0.0,0.0,0.0,0.0,0.0,0.0,0.0,0.0
2026-03,24314,4,3449.0,1169.0,460.0,238.0,0.0,0.0,0.0,0.0,0.0,0.0,0.0,0.0,0.0,0.0,0.0,0.0,0.0,0.0,0.0,0.0,0.0,0.0,0.0,0.0,0.0,0.0,0.0,0.0,0.0,0.0,0.0,0.0,0.0,0.0,0.0,0.0,0.0
2026-04,24315,3,3197.0,1097.0,379.0,0.0,0.0,0.0,0.0,0.0,0.0,0.0,0.0,0.0,0.0,0.0,0.0,0.0,0.0,0.0,0.0,0.0,0.0,0.0,0.0,0.0,0.0,0.0,0.0,0.0,0.0,0.0,0.0,0.0,0.0,0.0,0.0,0.0,0.0
2026-05,24316,2,3094.0,1233.0,0.0,0.0,0.0,0.0,0.0,0.0,0.0,0.0,0.0,0.0,0.0,0.0,0.0,0.0,0.0,0.0,0.0,0.0,0.0,0.0,0.0,0.0,0.0,0.0,0.0,0.0,0.0,0.0,0.0,0.0,0.0,0.0,0.0,0.0,0.0
2026-06,24317,1,3087.0,0.0,0.0,0.0,0.0,0.0,0.0,0.0,0.0,0.0,0.0,0.0,0.0,0.0,0.0,0.0,0.0,0.0,0.0,0.0,0.0,0.0,0.0,0.0,0.0,0.0,0.0,0.0,0.0,0.0,0.0,0.0,0.0,0.0,0.0,0.0,0.0
