stream,W,d,F,lam
all,60,0,0.5203589887895564,1.345404773102758
all,60,1,0.7000934672443938,1.0945802242168632
all,60,2,0.7663084643491297,1.051078747090752
all,60,3,0.8054505405931215,1.0339546056334679
all,60,4,0.8327992960562244,1.025173484084135
all,60,5,0.8537637558807745,1.0211768265012857
all,60,6,0.8718437628121477,1.0157691318591624
all,60,7,0.8855919820685207,1.0132418176601707
all,60,8,0.8973188296163813,1.0103493829052717
all,60,9,0.9066055257721914,1.0086243711773009
all,60,10,0.9144244283378429,1.0074309290821506
all,60,11,0.9212194514158075,1.0161224151953763
all,60,12,0.9360717338975899,1.0072805384095758
all,60,13,0.9428868401103495,1.005887122234021
all,60,14,0.948437730190929,1.0045455361470657
all,60,15,0.9527488881767529,1.0040155602961476
all,60,16,0.9565747087843142,1.004009323012445
all,60,17,0.960409925777366,1.0036126138952164
all,60,18,0.963879516020333,1.0029938845297046
all,60,19,0.9667652599918454,1.002529796557783
all,60,20,0.969210979418757,1.0023296324318618
all,60,21,0.9714688847497275,1.0021087217713263
all,60,22,0.9735174423371653,1.0019723246201966
all,60,23,0.9754375347568777,1.0067827400320866
all,60,24,0.982053673972673,1.0021890375485543
all,60,25,0.9842034263396948,1.0019223878951575
all,60,26,0.9860954470928628,1.0015298387152098
all,60,27,0.9876040140847177,1.0014885229745822
all,60,28,0.9890740853494724,1.0013967574786142
all,60,29,0.9904555819750878,1.001359517132307
all,60,30,0.9918021233075721,1.0011148386040993
all,60,31,0.9929078226022631,1.0009995512219003
all,60,32,0.9939002848295796,1.0010482322991683
all,60,33,0.9949421232102905,1.0010204567564442
all,60,34,0.9959574186221914,1.0009395968584782
all,60,35,0.996893217083907,1.0031164650966138
all,60,36,1.0,
Y0,60,0,0.5211310982465824,1.3406260798341374
Y0,60,1,0.6986419413219745,1.0942835896082712
Y0,60,2,0.7645124114007015,1.0510233725075928
Y0,60,3,0.8035204129542776,1.0341589215015912
Y0,60,4,0.8309678036653089,1.0253831456896623
Y0,60,5,0.8520603804891641,1.0213926562883702
Y0,60,6,0.8702882153459067,1.0158746529155098
Y0,60,7,0.8841037387009815,1.0134190881439928
Y0,60,8,0.8959676046990436,1.0104547749427162
Y0,60,9,0.9053347443621366,1.008695082926754
Y0,60,10,0.913206705040837,1.007485557547618
Y0,60,11,0.9200425663842908,1.0165500388759303
Y0,60,12,0.9352693066254616,1.0073522419964018
Y0,60,13,0.942145632899579,1.0059561990286814
Y0,60,14,0.9477572398031319,1.0046362653029244
Y0,60,15,0.9521512938096265,1.0040472690479372
Y0,60,16,0.9560049062700156,1.0040586048877904
Y0,60,17,0.9598849524553547,1.0036916189247638
Y0,60,18,0.9634284819114348,1.0030149765270648
Y0,60,19,0.9663331961699035,1.002540736474813
Y0,60,20,0.9687883941682349,1.0022871779078895
Y0,60,21,0.9710041855807963,1.0021317814961366
Y0,60,22,0.9730741543362885,1.0019833576903576
Y0,60,23,0.9750041084435797,1.007008190474066
Y0,60,24,0.9818371229485492,1.0022288892087075
Y0,60,25,0.9840255291165976,1.001948585341776
Y0,60,26,0.9859429868385675,1.0015406794396329
Y0,60,27,0.98746200892704,1.00150084193572
Y0,60,28,0.988944033319968,1.001421754298984
Y0,60,29,0.9903500687507953,1.0013350304679556
Y0,60,30,0.9916722162665196,1.0011321760789456
Y0,60,31,0.9927949638279314,1.001020010418678
Y0,60,32,0.9938076250346469,1.001036239181517
Y0,60,33,0.9948374474345982,1.001025221918588
Y0,60,34,0.9958573765911404,1.0009317178685218
Y0,60,35,0.9967852347034095,1.0032251333433395
Y0,60,36,1.0,
Y1,60,0,0.5200210912047808,1.409122085048011
Y1,60,1,0.7327732043074227,1.0977342314758114
Y1,60,2,0.8043902302764764,1.048662620813666
Y1,60,3,0.843533967038638,1.031041172666523
Y1,60,4,0.8697182505595614,1.0209446015289558
Y1,60,5,0.887934152759992,1.0166150670794634
Y1,60,6,0.9026872382702458,1.0153295861011753
Y1,60,7,0.9165250600117416,1.00989799010201
Y1,60,8,0.9255968159839819,1.0080152289349764
Y1,60,9,0.9330156863655787,1.0076815642458101
Y1,60,10,0.9401827063027446,1.0056620641700607
Y1,60,11,0.945506081117412,1.008318478906714
Y1,60,12,0.953371253509357,1.0069101678183614
Y1,60,13,0.9599592088643083,1.0048452486898052
Y1,60,14,0.9646104499633245,1.0026585269791257
Y1,60,15,0.9671748928688986,1.0028342455043002
Y1,60,16,0.9699161039608843,1.0030021305442571
Y1,60,17,0.9728279187219522,1.0022068700825177
Y1,60,18,0.9749748235512177,1.0023827678231034
Y1,60,19,0.9772979621891115,1.0018882175226587
Y1,60,20,0.9791433133261755,1.0022516183506895
Y1,60,21,0.9813479703784157,1.001578898486115
Y1,60,22,0.9828974192031982,1.0013847858197933
Y1,60,23,0.9842585216116222,1.0028419508617528
Y1,60,24,0.9870557359653038,1.0012675418741512
Y1,60,25,0.988306870442761,1.0012597858364078
Y1,60,26,0.9895519254401693,1.0009840758633028
Y1,60,27,0.9905257196054799,1.001601708489055
Y1,60,28,0.9921122530591993,1.0010589481115426
Y1,60,29,0.9931628484560145,1.001489529483922
Y1,60,30,0.9946421938011256,1.0005227846998344
Y1,60,31,0.9951621775218545,1.000606953958207
Y1,60,32,0.9957661951445593,1.0010311936065996
Y1,60,33,0.9967930228786605,1.0009375266342795
Y1,60,34,0.9977275428864731,1.0005917159763313
Y1,60,35,0.9983179142136249,1.0016849199663016
Y1,60,36,1.0,
Y2,60,0,0.4962269608366695,1.4426941879413362
Y2,60,1,0.7159037522988562,1.0987394957983194
Y2,60,2,0.7865917278409702,1.0556237936480084
Y2,60,3,0.8303449437956267,1.0289027054276592
Y2,60,4,0.8543441591094979,1.0229960578186597
Y2,60,5,0.873990706789414,1.0193579609614454
Y2,60,6,0.8909093847721096,1.011794708320051
Y2,60,7,0.9014174011050926,1.0111740635819957
Y2,60,8,0.9114898964589582,1.009854528390427
Y2,60,9,0.9204721995212003,1.0071450761105933
Y2,60,10,0.9270490434444645,1.0073937153419594
Y2,60,11,0.9339033801797286,1.011037866012571
Y2,60,12,0.9442116805588395,1.0045620437956204
Y2,60,13,0.9485192155978853,1.0045822514128608
Y2,60,14,0.9528655691136844,1.0036641221374045
Y2,60,15,0.9563569849394443,1.004393273746402
Y2,60,16,0.960558522973567,1.003284562555987
Y2,60,17,0.9637135375309601,1.0023588382721509
Y2,60,18,0.9659867819066781,1.002470930232558
Y2,60,19,0.9683736678503427,1.0028698522026116
Y2,60,20,0.9711527571539741,1.003833049403748
Y2,60,21,0.9748752336507314,1.0018227706113292
Y2,60,22,0.9766522075763426,1.0023630803447316
Y2,60,23,0.9789601152117051,1.0042693843823165
Y2,60,24,0.9831396722385007,1.0020333468889793
Y2,60,25,0.9851387362324789,1.0018789424238357
Y2,60,26,0.98698975519735,1.001860465116279
Y2,60,27,0.9888260152070194,1.0009219017516133
Y2,60,28,0.9897376156424795,1.001043705153294
Y2,60,29,0.9907706098923346,1.0019462826002337
Y2,60,30,0.9926989294911909,1.0014106181072069
Y2,60,31,0.9940992485761361,1.0008910386965377
Y2,60,32,0.9949850294748165,1.00152149106124
Y2,60,33,0.99649889030323,1.0008828351620633
Y2,60,34,0.9973786345625468,1.001251877816725
Y2,60,35,0.9986272307500311,1.001374656335916
Y2,60,36,1.0,
Y3,60,0,0.26380966025881286,1.6379310344827587
Y3,60,1,0.4321020297342624,1.25
Y3,60,2,0.540127537167828,1.1228070175438596
Y3,60,3,0.6064589891007192,1.1023622047244095
Y3,60,4,0.6685374683000054,1.0431654676258992
Y3,60,5,0.6973952007446099,1.0337837837837838
Y3,60,6,0.7209558494184143,1.0333333333333334
Y3,60,7,0.7449877110656948,1.0194805194805194
Y3,60,8,0.7595004586838577,1.0061728395061729
Y3,60,9,0.7641887331201779,1.0124223602484472
Y3,60,10,0.7736817608608012,1.030674846625767
Y3,60,11,0.7974143302123595,1.0180722891566265
Y3,60,12,0.8118254325655949,1.0238095238095237
Y3,60,13,0.8311546095314424,1.0116279069767442
Y3,60,14,0.8408191980143661,1.0113636363636365
Y3,60,15,0.8503739616281658,1.0112994350282485
Y3,60,16,0.8599827069572975,1.0165745856353592
Y3,60,17,0.8742365639786892,1.0162162162162163
Y3,60,18,0.8884133731242896,1.0264550264550265
Y3,60,19,0.911916372413292,1.0105263157894737
Y3,60,20,0.9215154921229056,1.0102564102564102
Y3,60,21,0.9309669330677559,1.01
Y3,60,22,0.9402766023984335,1.0048543689320388
Y3,60,23,0.9448410519246394,1.0096618357487923
Y3,60,24,0.9539699509770514,1.0046296296296295
Y3,60,25,0.958386478527871,1.004524886877828
Y3,60,26,0.9627230689284495,1.0044642857142858
Y3,60,27,0.9670209397718802,1.0
Y3,60,28,0.9670209397718802,1.0
Y3,60,29,0.9670209397718802,1.0043668122270741
Y3,60,30,0.9712437386355127,1.0
Y3,60,31,0.9712437386355127,1.0
Y3,60,32,0.9712437386355127,1.0
Y3,60,33,0.9712437386355127,1.0042194092827004
Y3,60,34,0.975341813482076,1.0168776371308017
Y3,60,35,0.9918032786885246,1.0082644628099173
Y3,60,36,1.0,
severe,60,0,0.5076930086351726,1.4234224822398662
severe,60,1,0.7226616425673033,1.0991625287185949
severe,60,2,0.7943225984522104,1.0519339269934063
severe,60,3,0.8355748902894403,1.0308022922636104
severe,60,4,0.8613125122682699,1.0219320486815415
severe,60,5,0.8802028602173584,1.0178337594313152
severe,60,6,0.8959001862772302,1.0141279536060213
severe,60,7,0.9085574225445807,1.010482052532147
severe,60,8,0.9180809691761651,1.0087082728592163
severe,60,9,0.9260758687626048,1.0075197016182398
severe,60,10,0.9330396829715518,1.0065781605071165
severe,60,11,0.9391773677656478,1.0094716149401322
severe,60,12,0.9480728941536108,1.0061633281972264
severe,60,13,0.9539161785551739,1.0048122623574145
severe,60,14,0.9585066734733636,1.0031394384551593
severe,60,15,0.9615158461835926,1.0035273368606703
severe,60,16,0.9649074364699546,1.0032548677709967
severe,60,17,0.9680480825869157,1.0024151811385853
severe,60,18,0.9703860940572232,1.0026763851716873
severe,60,19,0.9729832210101695,1.0023660638837248
severe,60,20,0.975285361468872,1.0029612247178457
severe,60,21,0.9781734005882067,1.001768053483618
severe,60,22,0.9799028634766991,1.0018100043878895
severe,60,23,0.9816764919592974,1.0034828036569439
severe,60,24,0.9850954784354291,1.0016096147655327
severe,60,25,0.9866811026629783,1.0015437849347884
severe,60,26,0.9882043260847098,1.001373698948592
severe,60,27,0.9895618213284464,1.0013119227539882
severe,60,28,0.9908600499983251,1.0010401497815686
severe,60,29,0.991890692862896,1.0017055144968732
severe,60,30,0.9935823768188873,1.000871482032091
severe,60,31,0.9944482660076872,1.0007133757961784
severe,60,32,0.9951576813312086,1.0012145748987855
severe,60,33,0.9963663748712871,1.0009548218503443
severe,60,34,0.9973177272569625,1.0010471204188482
severe,60,35,0.9983620390132526,1.0016406483046634
severe,60,36,1.0,
all,36,0,0.5086719813854218,1.3501988430947216
all,36,1,0.6868083207812963,1.0978847566358263
all,36,2,0.754036386116434,1.052138402413221
all,36,3,0.7933506386499835,1.0348550861905663
all,36,4,0.8210029435394695,1.0256838888314435
all,36,5,0.8420894918716251,1.0217322514296048
all,36,6,0.8603899924352073,1.0167096694925666
all,36,7,0.8747668248435114,1.0139841980219901
all,36,8,0.8869997373451907,1.0111678751922655
all,36,9,0.896905639707434,1.0093621331939089
all,36,10,0.905302589768743,1.008320652173913
all,36,11,0.9128352977303513,1.0169255309303327
all,36,12,0.9282855197963858,1.008030867972314
all,36,13,0.9357404582464816,1.0065940149138708
all,36,14,0.9419107447836711,1.0049442280212766
all,36,15,0.946567766281572,1.0044501022761891
all,36,16,0.9507800896528689,1.0043720190779015
all,36,17,0.9549369183437201,1.0038629981921388
all,36,18,0.9586258379328885,1.0033355090661682
all,36,19,0.9618233431063767,1.0029571326929918
all,36,20,0.9646675823591593,1.0026106881348147
all,36,21,0.9671860285704648,1.002353073632065
all,36,22,0.9694618885115955,1.0022077936819642
all,36,23,0.9716022603439566,1.0077117587157747
all,36,24,0.9790950225434305,1.0025992208075372
all,36,25,0.9816399066985815,1.0022168468816932
all,36,26,0.9838160520646918,1.0018353191834277
all,36,27,0.9856216685380103,1.001817578077212
all,36,28,0.9874131128751701,1.0016140634046211
all,36,29,0.9890068602459049,1.0015578630620598
all,36,30,0.9905475975016058,1.001311717813724
all,36,31,0.9918469164305903,1.001159108561869
all,36,32,0.9929965746834883,1.001168973641143
all,36,33,0.9941573615050388,1.0011721990454092
all,36,34,0.9953227118151815,1.001037225542282
all,36,35,0.9963550859546895,1.003658248044991
all,36,36,1.0,
Y0,36,0,0.5090721717355445,1.3459704772368988
Y0,36,1,0.6851961139389153,1.0976768441656783
Y0,36,2,0.7521239079830552,1.0521197773955806
Y0,36,3,0.7913244386410262,1.0350320269515738
Y0,36,4,0.8190461377029377,1.0258690478364345
Y0,36,5,0.8402340814194219,1.0219394077257844
Y0,36,6,0.8586683195167826,1.016780825969171
Y0,36,7,0.8730774831518343,1.014158008050173
Y0,36,8,0.8854385211867228,1.0113109672767029
Y0,36,9,0.8954536873253981,1.0094374974777611
Y0,36,10,0.9039045292409834,1.0084438666927422
Y0,36,11,0.9115369785888602,1.0173519665754214
Y0,36,12,0.9273539377735946,1.0080885385637688
Y0,36,13,0.9348548758615393,1.0066765877005992
Y0,36,14,0.9410965164275616,1.00505326649362
Y0,36,15,0.9458521279212876,1.004502660663119
Y0,36,16,0.9501109790908062,1.0044456504794952
Y0,36,17,0.9543348404205749,1.003942748492307
Y0,36,18,0.9580975426737991,1.0033718689788054
Y0,36,19,0.9613281220566106,1.0029830997064157
Y0,36,20,0.9641958596952869,1.0025671264860745
Y0,36,21,0.966671072424474,1.0023778150455198
Y0,36,22,0.9689696374445537,1.0022237261916271
Y0,36,23,0.9711243606062305,1.0079135243228083
Y0,36,24,0.9788093768543596,1.0026318044385687
Y0,36,25,0.9813854117168777,1.0022489494633329
Y0,36,26,0.9835924979118811,1.0018480061311776
Y0,36,27,0.9854101828786026,1.0018545024581493
Y0,36,28,0.9872376284850364,1.0016689273235282
Y0,36,29,0.9888852563380303,1.0015462904871448
Y0,36,30,0.9904143602027835,1.0013464103169487
Y0,36,31,0.9917478643154147,1.001176884454252
Y0,36,32,0.992915036959465,1.00114918176974
Y0,36,33,0.9940560768188396,1.0011589649155566
Y0,36,34,0.9952081529359684,1.0010337987581492
Y0,36,35,0.9962369978885737,1.0037772157823908
Y0,36,36,1.0,
Y1,36,0,0.5083565632719349,1.4152542372881356
Y1,36,1,0.7194537802238401,1.1003710212849054
Y1,36,2,0.7916660909121928,1.051208594449418
Y1,36,3,0.8322061987010714,1.0314443676572218
Y1,36,4,0.8583743963796469,1.0228802153432033
Y1,36,5,0.8780141874139054,1.0171895861148197
Y1,36,6,0.8931068878984901,1.017227099552758
Y1,36,7,0.9084925291675713,1.0103737856084307
Y1,36,8,0.9179170358920167,1.0078727242906347
Y1,36,9,0.9251435436372711,1.0088235294117647
Y1,36,10,0.9333065749046588,1.0050728195058092
Y1,36,11,0.9380410707027351,1.0093457943925233
Y1,36,12,0.9468078096812652,1.0081685999019767
Y1,36,13,0.9545419038626184,1.004885993485342
Y1,36,14,0.9592057893863771,1.0028999516674721
Y1,36,15,0.9619874398147571,1.0027182603133995
Y1,36,16,0.9646023720943944,1.003012525765023
Y1,36,17,0.9675082615933311,1.0022179974651457
Y1,36,18,0.9696541924650527,1.003159058600537
Y1,36,19,0.9727173868813062,1.002360346184107
Y1,36,20,0.9750133366536461,1.0028386689796562
Y1,36,21,0.9777810767671559,1.0018835347669126
Y1,36,22,0.9796227614196761,1.0017246785826277
Y1,36,23,0.9813122958153512,1.0039142007202129
Y1,36,24,0.9851533491103853,1.001861330851559
Y1,36,25,0.9869870454326011,1.0012416576129133
Y1,36,26,0.9882125454114092,1.0010893246187365
Y1,36,27,0.9892890296656701,1.001548706829797
Y1,36,28,0.9908211483425566,1.0009239297813366
Y1,36,29,0.9917365975094884,1.00153586238673
Y1,36,30,0.9932597684471469,1.000770060064685
Y1,36,31,0.9940246381286862,1.0006167129201358
Y1,36,32,0.9946376659659535,1.0013833384568092
Y1,36,33,0.9960135864998751,1.0013816395455941
Y1,36,34,0.9973897182589324,1.0003076449776958
Y1,36,35,0.9976965601965602,1.0023087578882561
Y1,36,36,1.0,
Y2,36,0,0.4972695550113269,1.4356392294220666
Y2,36,1,0.7138996807715153,1.1006172839506172
Y2,36,2,0.7857303276639579,1.0539700480361684
Y2,36,3,0.8281362311914561,1.0307566684812193
Y2,36,4,0.8536069427114981,1.0212314225053079
Y2,36,5,0.87173023236567,1.0197607904316173
Y2,36,6,0.8889563108003531,1.0121352956364575
Y2,36,7,0.89974405843981,1.0117948717948717
Y2,36,8,0.9103564242573051,1.0102748522989982
Y2,36,9,0.9197102020559931,1.006593963986812
Y2,36,10,0.9257747380066539,1.0071047957371226
Y2,36,11,0.9323521784187794,1.0098335854765508
Y2,36,12,0.9415205432595087,1.0050025012506254
Y2,36,13,0.9462305009546539,1.005281690140845
Y2,36,14,0.951228197262513,1.0030082727500627
Y2,36,15,0.954089751127429,1.0044988752811796
Y2,36,16,0.958382081924803,1.0032138442521632
Y2,36,17,0.9614621726701732,1.0026816187225744
Y2,36,18,0.9640404476334526,1.0017056530214425
Y2,36,19,0.9656847661357515,1.0028943560057888
Y2,36,20,0.9684798016383153,1.0038582107547624
Y2,36,21,0.9722164008247665,1.001908396946565
Y2,36,22,0.9740717756355008,1.0023786869647955
Y2,36,23,0.9763887874709802,1.0056324806383479
Y2,36,24,0.9818882784119105,1.0025457070122656
Y2,36,25,0.9843878782875252,1.0023009664058904
Y2,36,26,0.9866529217258305,1.002289901534234
Y2,36,27,0.9889122597650469,1.0009140767824498
Y2,36,28,0.9898162015015781,1.0006839945280437
Y2,36,29,0.9904932303671742,1.0018281535648994
Y2,36,30,0.9923040040972787,1.0009134505594885
Y2,36,31,0.9932104247450041,1.0013617793917386
Y2,36,32,0.9945629582330818,1.001588742623695
Y2,36,33,0.9961430627967748,1.001138952164009
Y2,36,34,0.9972776220938098,1.001357773251867
Y2,36,35,0.9986316989737744,1.0013701758392326
Y2,36,36,1.0,
Y3,36,0,0.2607235427951334,1.6363636363636365
Y3,36,1,0.42663852457385465,1.2321428571428572
Y3,36,2,0.5256796106356424,1.0757575757575757
Y3,36,3,0.565503823562585,1.1304347826086956
Y3,36,4,0.6392651918533568,1.0649350649350648
Y3,36,5,0.6807759185970813,1.0240963855421688
Y3,36,6,0.6971801575994206,1.0465116279069768
Y3,36,7,0.7296071416738124,1.0224719101123596
Y3,36,8,0.7460028077788419,1.0
Y3,36,9,0.7460028077788419,1.0217391304347827
Y3,36,10,0.7622202601218603,1.0425531914893618
Y3,36,11,0.7946551648078969,1.0206185567010309
Y3,36,12,0.8110398073812555,1.02
Y3,36,13,0.8272606035288806,1.0198019801980198
Y3,36,14,0.8436420016185615,1.0185185185185186
Y3,36,15,0.8592650016485349,1.0185185185185186
Y3,36,16,0.8751773164938782,1.008849557522124
Y3,36,17,0.8829222484982489,1.017391304347826
Y3,36,18,0.8982774180373487,1.017391304347826
Y3,36,19,0.9138996340032156,1.0
Y3,36,20,0.9138996340032156,1.0085470085470085
Y3,36,21,0.921710741986149,1.0085470085470085
Y3,36,22,0.9295886115757742,1.0
Y3,36,23,0.9295886115757742,1.0078740157480315
Y3,36,24,0.9369082069425125,1.0
Y3,36,25,0.9369082069425125,1.0075757575757576
Y3,36,26,0.9440059963890467,1.0075187969924813
Y3,36,27,0.951103785835581,1.0
Y3,36,28,0.951103785835581,1.0
Y3,36,29,0.951103785835581,1.0072992700729928
Y3,36,30,0.9580461492358407,1.0
Y3,36,31,0.9580461492358407,1.0
Y3,36,32,0.9580461492358407,1.0
Y3,36,33,0.9580461492358407,1.0071942446043165
Y3,36,34,0.9649385675756669,1.0289855072463767
Y3,36,35,0.9929078014184397,1.0071428571428571
Y3,36,36,1.0,
severe,36,0,0.5012721673387367,1.4242677824267782
severe,36,1,0.7139457981678075,1.1013425210882737
severe,36,2,0.7862988652745129,1.0524483133841132
severe,36,3,0.8275389145740031,1.031895918581471
severe,36,4,0.8539340284162543,1.0225763612217795
severe,36,5,0.873212751501349,1.0182441286160668
severe,36,6,0.8891437572489292,1.0155062024809924
severe,36,7,0.9029310003835416,1.01103160405486
severe,36,8,0.9128917776686314,1.008727561241694
severe,36,9,0.9208590965652732,1.0080748399803052
severe,36,10,0.9282948864144462,1.0062093435836783
severe,36,11,0.9340589883111652,1.009643770911238
severe,36,12,0.9430668392120208,1.0070456991877874
severe,36,13,0.9497114044750862,1.0051874327101888
severe,36,14,0.9546379684798997,1.0031055900621118
severe,36,15,0.9576026826677254,1.0035703946733572
severe,36,16,0.9610217021851148,1.0031533683707596
severe,36,17,0.964052157624399,1.0025643460917466
severe,36,18,0.966524321007043,1.0027488151658768
severe,36,19,0.9691811177188159,1.0025430912687199
severe,36,20,0.9716458337570948,1.0033003300330032
severe,36,21,0.9748525856836858,1.0019662921348316
severe,36,22,0.9767694306555359,1.0019615169064076
severe,36,23,0.9786853804074288,1.0046403712296983
severe,36,24,0.9832268438895978,1.0021106726622007
severe,36,25,0.9853021139097374,1.001739767420566
severe,36,26,0.9870163104269323,1.00164744645799
severe,36,27,0.9886423669515235,1.001276556943558
severe,36,28,0.9899044252297511,1.0008171418195024
severe,36,29,0.9907133175329168,1.0017235123367199
severe,36,30,0.9924208241578374,1.0008177357804833
severe,36,31,0.993232362175048,1.000907029478458
severe,36,32,0.9941332532064993,1.001447963800905
severe,36,33,0.9955727221704183,1.0013583265417005
severe,36,34,0.9969250350231353,1.001085187194791
severe,36,35,0.998006885305309,1.00199709513435
severe,36,36,1.0,
all,all-history,0,0.46924685673729205,1.3750248405017336
all,all-history,1,0.6452260843411348,1.1041420374815112
all,all-history,2,0.712421243400638,1.0581460923404549
all,all-history,3,0.7538457548047132,1.0390345624471535
all,all-history,4,0.7832717939961593,1.029960960235198
all,all-history,5,0.8067393690694304,1.0250700683287621
all,all-history,6,0.8269643801755036,1.0195478219328171
all,all-history,7,0.8431297326239567,1.0161083402451072
all,all-history,8,0.8567111532278298,1.0135886104868093
all,all-history,9,0.868352667388748,1.0114942528735633
all,all-history,10,0.8783337325311474,1.0102129728904365
all,all-history,11,0.887304131130244,1.0216913577290223
all,all-history,12,0.9065509624530295,1.011251160572931
all,all-history,13,0.9167507128991337,1.0081089695742165
all,all-history,14,0.924184616537174,1.0069582624844735
all,all-history,15,0.9306153356831521,1.0061015856263067
all,all-history,16,0.9362935648389771,1.0055701142837932
all,all-history,17,0.9415088269983103,1.0049693464985423
all,all-history,18,0.9461875105911011,1.0043465194274552
all,all-history,19,0.9503001329879008,1.0038242170582774
all,all-history,20,0.9539342869669565,1.0036713032326976
all,all-history,21,0.9574364689984793,1.0034394359325072
all,all-history,22,0.9607295103930455,1.003249361460827
all,all-history,23,0.963851267838396,1.008596553839738
all,all-history,24,0.9721370671558685,1.003693874079227
all,all-history,25,0.9757280190696912,1.0030700050673866
all,all-history,26,0.9787235090326263,1.0026447257127356
all,all-history,27,0.9813119642626237,1.00244208366561
all,all-history,28,0.9837084101814172,1.0021664000822237
all,all-history,29,0.9858395161621183,1.0020222715642524
all,all-history,30,0.9878331513825692,1.0018670586440457
all,all-history,31,0.989677493806733,1.0016456071028093
all,all-history,32,0.9913061141200318,1.0015989460422638
all,all-history,33,0.992891159107876,1.0015491513839845
all,all-history,34,0.9944292978211539,1.0014783033876902
all,all-history,35,0.9958993660209412,1.0041175184149806
all,all-history,36,1.0,
Y0,all-history,0,0.4701959173947257,1.3626803016979072
Y0,all-history,1,0.6407267145725691,1.1032199077276583
Y0,all-history,2,0.7068624669293954,1.058618063887017
Y0,all-history,3,0.7482973761751971,1.039740920945726
Y0,all-history,4,0.7780354030456698,1.0306184295566048
Y0,all-history,5,0.8018576252263682,1.0257903526792016
Y0,all-history,6,0.8225378161794633,1.0201421084313638
Y0,all-history,7,0.8391054620618472,1.0164446074391102
Y0,all-history,8,0.8529042219854676,1.0139263920083073
Y0,all-history,9,0.8647821005263775,1.0117840207345428
Y0,all-history,10,0.8749727107298417,1.0104068743871681
Y0,all-history,11,0.8840784418226072,1.0226009853659788
Y0,all-history,12,0.9040594857486173,1.011515383840129
Y0,all-history,13,0.9144700777413222,1.008293295552566
Y0,all-history,14,0.922054048370009,1.0071686471215864
Y0,all-history,15,0.9286639284698037,1.0062861397504381
Y0,all-history,16,0.9345016397053558,1.0057456535137699
Y0,all-history,17,0.9398709623351527,1.0051208649990029
Y0,all-history,18,0.9446839146497539,1.0044428540554329
Y0,all-history,19,0.9488810074110577,1.0039018083278723
Y0,all-history,20,0.9525833592279341,1.0037211816679295
Y0,all-history,21,0.9561280949614678,1.0035355743335217
Y0,all-history,22,0.9595085569135725,1.0033276968820715
Y0,all-history,23,0.9627015105467347,1.0090189531432474
Y0,all-history,24,0.9713840703612892,1.0038153437396213
Y0,all-history,25,0.97509023449291,1.003158270760334
Y0,all-history,26,0.9781698334691961,1.002714181108128
Y0,all-history,27,0.9808247635517388,1.0024859542694664
Y0,all-history,28,0.9832630490602886,1.002210443879583
Y0,all-history,29,0.985436496849104,1.0020665552347667
Y0,all-history,30,0.9874729558001977,1.0018923815514302
Y0,all-history,31,0.9893416314042902,1.0016787264313636
Y0,all-history,32,0.9910024653505769,1.001621411276375
Y0,all-history,33,0.9926092879228118,1.0015795233056495
Y0,all-history,34,0.9941771374264899,1.0015188073689814
Y0,all-history,35,0.9956871009888861,1.0043315806811501
Y0,all-history,36,1.0,
Y1,all-history,0,0.4811045295578274,1.468491441282587
Y1,all-history,1,0.7064978840179549,1.1054660710644844
Y1,all-history,2,0.7810094400607003,1.0496467025572005
Y1,all-history,3,0.8197839834257595,1.0303020555216007
Y1,all-history,4,0.8446251232072459,1.022560393280416
Y1,all-history,5,0.8636801981613211,1.0172252185804944
Y1,all-history,6,0.8785572783582947,1.013335353841491
Y1,all-history,7,0.8902731505352199,1.0119872775827408
Y1,all-history,8,0.9009451019151468,1.0095900798429904
Y1,all-history,9,0.9095852373766642,1.0079766019675618
Y1,all-history,10,0.9168406367707881,1.007672859830668
Y1,all-history,11,0.9238754264637906,1.0135645302897278
Y1,all-history,12,0.9364073626699939,1.0086867136714395
Y1,all-history,13,0.9445416653093359,1.0058730387217505
Y1,all-history,14,0.9500889950840044,1.0044450179951534
Y1,all-history,15,0.9543121577641499,1.0038195785588602
Y1,all-history,16,0.9579572280204054,1.003598355037697
Y1,all-history,17,0.9614042982377509,1.0032513832639325
Y1,all-history,18,0.9645301920829138,1.0032484648154216
Y1,all-history,19,0.967663434475307,1.002690046826741
Y1,all-history,20,0.9702664944265706,1.0026323652869278
Y1,all-history,21,0.9728205902655682,1.0021757060379397
Y1,all-history,22,0.9749371618976411,1.0021624697681035
Y1,all-history,23,0.9770454340360454,1.0043973246050946
Y1,all-history,24,0.9813418199634274,1.0024562350034785
Y1,all-history,25,0.9837522260919989,1.002115665866784
Y1,all-history,26,0.9858335170981145,1.0018042591882255
Y1,all-history,27,0.9876122162793994,1.0018901173862376
Y1,all-history,28,0.9894789193002498,1.0015212044527217
Y1,all-history,29,0.9909841190381636,1.0014373950416986
Y1,all-history,30,0.9924085546972712,1.0013251261007097
Y1,all-history,31,0.9937236211756681,1.001113172541744
Y1,all-history,32,0.9948298070248432,1.001200411569681
Y1,all-history,33,0.9960240122350594,1.0011590304209712
Y1,all-history,34,0.9971784343652577,1.000788327026717
Y1,all-history,35,0.9979645370755272,1.0020396144841355
Y1,all-history,36,1.0,
Y2,all-history,0,0.4376526332483055,1.5364169543696187
Y2,all-history,1,0.6724169258472052,1.1208480565371024
Y2,all-history,2,0.753677204518493,1.0583984232425725
Y2,all-history,3,0.7976907648962428,1.0346434172894179
Y2,all-history,4,0.8253254989324583,1.0253687974966472
Y2,all-history,5,0.8462630143836952,1.0196476964769647
Y2,all-history,6,0.8628901332299873,1.0144288663340788
Y2,all-history,7,0.8753406596233583,1.0138139159263824
Y2,all-history,8,0.8874325419023394,1.0112902886697643
Y2,all-history,9,0.8974519114753596,1.0095478329754632
Y2,all-history,10,0.9060206324296366,1.0090912856196157
Y2,all-history,11,0.9142575247763193,1.01253292723082
Y2,all-history,12,0.9257158478045704,1.0085558882845445
Y2,all-history,13,0.9336361691816186,1.0067220085037456
Y2,all-history,14,0.9399120794502619,1.0055220782361596
Y2,all-history,15,0.9451023474880976,1.0047591317094722
Y2,all-history,16,0.9496002140387249,1.0041235462497748
Y2,all-history,17,0.9535159344401096,1.0038342486270595
Y2,all-history,18,0.9571719516026159,1.0035677270190544
Y2,all-history,19,0.9605868798362296,1.003422545020396
Y2,all-history,20,0.9638745316784708,1.0037759096961387
Y2,all-history,21,0.9675140348684967,1.002817069057869
Y2,all-history,22,0.9702395887191788,1.0026760758816182
Y2,all-history,23,0.9728360234819414,1.0048125482740182
Y2,all-history,24,0.9775178438076522,1.0025663297536322
Y2,all-history,25,0.9800264769349222,1.002387058591438
Y2,all-history,26,0.9823658575565265,1.0022281376318642
Y2,all-history,27,0.9845547038920068,1.002089163940242
Y2,all-history,28,0.9866116000765737,1.0018914765338693
Y2,all-history,29,0.9884777527661618,1.0017147587511825
Y2,all-history,30,0.9901727536430668,1.0019328244877028
Y2,all-history,31,0.9920865837883642,1.0015585542929293
Y2,all-history,32,0.9936328045924852,1.0015795916755519
Y2,all-history,33,0.9952023386991747,1.0012454038666825
Y2,all-history,34,0.9964417675399221,1.001326391226021
Y2,all-history,35,0.997763439157628,1.0022415742595863
Y2,all-history,36,1.0,
Y3,all-history,0,0.22464951412446954,1.8907922912205568
Y3,all-history,1,0.4247655695329906,1.1956769055745164
Y3,all-history,2,0.5078823817738033,1.1192748091603053
Y3,all-history,3,0.568459955935755,1.0854700854700854
Y3,all-history,4,0.617046276955905,1.0489344909234413
Y3,all-history,5,0.6472411223949469,1.0429540316503392
Y3,all-history,6,0.6750427380517006,1.0405503258508326
Y3,all-history,7,0.7024159410429353,1.0348432055749128
Y3,all-history,8,0.7268903640757901,1.0249494268374915
Y3,all-history,9,0.7450258620331766,1.0237467018469657
Y3,all-history,10,0.762717769047157,1.0206451612903227
Y3,all-history,11,0.7784642004081307,1.025965801139962
Y3,all-history,12,0.7986776470305077,1.0210265924551638
Y3,all-history,13,0.8154711164176673,1.0187878787878788
Y3,all-history,14,0.8307920889079387,1.0131030375223347
Y3,all-history,15,0.8416779888221582,1.017109144542773
Y3,all-history,16,0.8560783791913869,1.0127758420441346
Y3,all-history,17,0.8670155013413348,1.0086157380815624
Y3,all-history,18,0.8744854798135462,1.0085567598402738
Y3,all-history,19,0.8819682420481173,1.0107709750566893
Y3,all-history,20,0.8914678999840098,1.0101180438448567
Y3,all-history,21,0.9004878112823304,1.0100278551532034
Y3,all-history,22,0.9095177726210947,1.0126931567328918
Y3,all-history,23,0.9210624242603249,1.0147299509001637
Y3,all-history,24,0.9346296285456652,1.0075309306078537
Y3,all-history,25,0.9416682594222867,1.0042735042735043
Y3,all-history,26,0.9456924827531512,1.003727369542066
Y3,all-history,27,0.9492174281095261,1.006376195536663
Y3,all-history,28,0.9552698240379609,1.007399577167019
Y3,all-history,29,0.9623384168162544,1.0057864281956865
Y3,all-history,30,0.9679069189651124,1.0052410901467506
Y3,all-history,31,0.9729798063810722,1.0041753653444676
Y3,all-history,32,0.9770423525455025,1.0036439354502864
Y3,all-history,33,0.9806026318103743,1.0062337662337661
Y3,all-history,34,0.986715479385296,1.0072426280393172
Y3,all-history,35,0.9938618925831203,1.0061760164693772
Y3,all-history,36,1.0,
severe,all-history,0,0.45922535929916053,1.4983135357090482
severe,all-history,1,0.6880635717787833,1.1125081859855928
severe,all-history,2,0.765476356082382,1.053905596298666
severe,all-history,3,0.8067398155095328,1.0326710402999062
severe,all-history,4,0.8330968445335836,1.0240080087368038
severe,all-history,5,0.8530978408557495,1.018517858098108
severe,all-history,6,0.8688953856165186,1.014111964873765
severe,all-history,7,0.8811572067773155,1.013018594269734
severe,all-history,8,0.8926286349402015,1.0104812429601988
severe,all-history,9,0.9019844925362404,1.0088238055007979
severe,all-history,10,0.909943428263116,1.0084245355052177
severe,all-history,11,0.9176092789822582,1.013306781648961
severe,all-history,12,0.9298197052967355,1.0087996860833048
severe,all-history,13,0.9380018268174178,1.0063978093104307
severe,all-history,14,0.9440029836382313,1.0050066507489321
severe,all-history,15,0.9487292768832578,1.0043905533085662
severe,all-history,16,0.9528947233488112,1.0039437684350634
severe,all-history,17,0.9566527194806927,1.003567328194194
severe,all-history,18,0.9600654136989485,1.0034558438155137
severe,all-history,19,0.9633832498213686,1.0031076726802859
severe,all-history,20,0.9663771296274835,1.003211387760772
severe,all-history,21,0.9694805413138592,1.002554601547452
severe,all-history,22,0.9719571778049242,1.0025296004047362
severe,all-history,23,0.9744158410752858,1.0047228294560997
severe,all-history,24,0.9790178409120063,1.0025783257962715
severe,all-history,25,0.9815420678662398,1.0022603647480668
severe,all-history,26,0.9837607109551892,1.0020084239970077
severe,all-history,27,0.985736519574385,1.0020408827020961
severe,all-history,28,0.9877482921860088,1.00176444281823
severe,all-history,29,0.9894911175663753,1.0016191630798272
severe,all-history,30,0.9910932650517558,1.0016369011262858
severe,all-history,31,0.9927155867335733,1.0013450282863525
severe,all-history,32,0.994050817278033,1.00139542854345
severe,all-history,33,0.9954379441621026,1.0012745410426727
severe,all-history,34,0.996706670677371,1.0011128021339617
severe,all-history,35,0.9978158079874346,1.0021889731502358
severe,all-history,36,1.0,
