stream,h,method,n,rel_bias,median_rel_bias,mape,rmse,mean_realized,cov50,cov90,origin_set
Y0,1,naive,30,-0.2928540517233832,-0.2928323703424002,0.2928540517233832,1224.633523412889,4089.4666666666667,,,evaluation 2021-01..2023-06
Y0,1,onestep,30,0.10659640116345419,0.09799692419356376,0.11266733936316552,522.8911970982124,4089.4666666666667,,,evaluation 2021-01..2023-06
Y0,1,nowcast,30,0.011637899832305183,0.00499201619894388,0.054381475341060546,275.29871300751836,4089.4666666666667,0.6666666666666666,0.9333333333333333,evaluation 2021-01..2023-06
Y0,3,naive,30,-0.18848784585111547,-0.19584780618890596,0.18848784585111547,780.5477990915525,4036.0,,,evaluation 2021-01..2023-06
Y0,3,onestep,30,0.09313112066424759,0.08110448280362267,0.09407597686626822,427.43389105492224,4036.0,,,evaluation 2021-01..2023-06
Y0,3,nowcast,30,0.024183132752006373,0.015352150062256462,0.042691578578448665,219.58811848237454,4036.0,0.7666666666666667,1.0,evaluation 2021-01..2023-06
Y0,6,naive,30,-0.11875191250941093,-0.11826368472408547,0.11875191250941093,489.7862458937232,4032.766666666667,,,evaluation 2021-01..2023-06
Y0,6,onestep,30,0.07154351376915075,0.059619053063960245,0.07154351376915075,341.9937870086627,4032.766666666667,,,evaluation 2021-01..2023-06
Y0,6,nowcast,30,0.030220058077360563,0.019272165504230276,0.03563491310260625,201.33960690843307,4032.766666666667,0.8,1.0,evaluation 2021-01..2023-06
Y0,12,naive,30,-0.06195114560851518,-0.060967730025107074,0.06195114560851518,255.7702093677057,3972.8333333333335,,,evaluation 2021-01..2023-06
Y0,12,onestep,30,0.028905186678607496,0.02961131845270376,0.030592869721389783,146.95463100292764,3972.8333333333335,,,evaluation 2021-01..2023-06
Y0,12,nowcast,30,0.015749264587727782,0.017283861438455287,0.021302433609467344,106.35246968739567,3972.8333333333335,0.8333333333333334,1.0,evaluation 2021-01..2023-06
Y0,24,naive,30,-0.01641613945228486,-0.014612559709998665,0.01641613945228486,77.00043289921601,4617.1,,,evaluation 2021-01..2023-06
Y0,24,onestep,30,0.005836019299151851,0.0074654046379019345,0.007064264231660331,42.74158911193523,4617.1,,,evaluation 2021-01..2023-06
Y0,24,nowcast,30,0.00502018908509508,0.00671893543036239,0.006643863549289615,39.54012854379802,4617.1,0.4666666666666667,0.7,evaluation 2021-01..2023-06
Y1,1,naive,30,-0.259775994046439,-0.2611775479422538,0.259775994046439,46.339687813651345,174.23333333333332,,,evaluation 2021-01..2023-06
Y1,1,onestep,30,0.01509718143060526,0.009978709792435253,0.056267798437635436,11.656547532062339,174.23333333333332,,,evaluation 2021-01..2023-06
Y1,1,nowcast,30,-0.013562693494836854,-0.017133802546453886,0.05310382225080091,10.832577093561339,174.23333333333332,0.4,0.8666666666666667,evaluation 2021-01..2023-06
Y1,3,naive,30,-0.15111337250793913,-0.14177795495315926,0.15111337250793913,27.172289806590342,173.56666666666666,,,evaluation 2021-01..2023-06
Y1,3,onestep,30,0.02194730279289726,0.030737246647682955,0.04653724518505407,9.772776416804653,173.56666666666666,,,evaluation 2021-01..2023-06
Y1,3,nowcast,30,-0.0023281895792805303,0.009024980602545888,0.03636431337915041,8.11105092271994,173.56666666666666,0.6666666666666666,0.9,evaluation 2021-01..2023-06
Y1,6,naive,30,-0.09103383392411231,-0.08580630319760754,0.09103383392411231,16.968598449292543,173.86666666666667,,,evaluation 2021-01..2023-06
Y1,6,onestep,30,0.02179015360800842,0.02849565970757227,0.03970454640665432,8.672699820414206,173.86666666666667,,,evaluation 2021-01..2023-06
Y1,6,nowcast,30,0.00438014688983372,0.011500415849490915,0.030664177816450047,6.976621414572384,173.86666666666667,0.4666666666666667,0.8,evaluation 2021-01..2023-06
Y1,12,naive,30,-0.04095504426679738,-0.04131555122222996,0.04095504426679738,7.3530039213009175,173.1,,,evaluation 2021-01..2023-06
Y1,12,onestep,30,0.012747676406632177,0.009521876986706486,0.015367497300909432,3.582354837045681,173.1,,,evaluation 2021-01..2023-06
Y1,12,nowcast,30,0.006739596602266886,0.004472016386826169,0.012142632291302326,2.8404303655474763,173.1,0.6,0.9333333333333333,evaluation 2021-01..2023-06
Y1,24,naive,30,-0.011108312107126818,-0.01237371160322482,0.011108312107126818,2.496664441476534,197.3,,,evaluation 2021-01..2023-06
Y1,24,onestep,30,0.002852234398629788,0.0023199265304905035,0.005818612658034799,1.4565962750377666,197.3,,,evaluation 2021-01..2023-06
Y1,24,nowcast,30,0.0021859916747096406,0.0016524663901900346,0.0056095635102162275,1.3825569136431508,197.3,0.8,0.9666666666666667,evaluation 2021-01..2023-06
Y2,1,naive,30,-0.28613043109907843,-0.2862394957983193,0.28613043109907843,33.63975822346726,116.1,,,evaluation 2021-01..2023-06
Y2,1,onestep,30,0.06122262130697041,0.05101010099623063,0.07193454356377435,10.83564766680946,116.1,,,evaluation 2021-01..2023-06
Y2,1,nowcast,30,0.0075345805348588,0.002661821154736636,0.04612930496200011,7.338914952646615,116.1,0.8666666666666667,0.9666666666666667,evaluation 2021-01..2023-06
Y2,3,naive,30,-0.1737269019614963,-0.17074592074592074,0.1737269019614963,20.42221013178218,115.43333333333334,,,evaluation 2021-01..2023-06
Y2,3,onestep,30,0.04955167851301514,0.044779184185686285,0.05783189473734813,8.578990928082305,115.43333333333334,,,evaluation 2021-01..2023-06
Y2,3,nowcast,30,0.008504590560363642,0.0030833912059974474,0.0374717368540874,5.314932573594337,115.43333333333334,0.8,1.0,evaluation 2021-01..2023-06
Y2,6,naive,30,-0.11091520025242638,-0.11009316770186335,0.11091520025242638,13.370365240585864,116.43333333333334,,,evaluation 2021-01..2023-06
Y2,6,onestep,30,0.03897833050450573,0.03480524860140581,0.043371580772229475,6.773684205145955,116.43333333333334,,,evaluation 2021-01..2023-06
Y2,6,nowcast,30,0.014579801114590004,0.017080220550668122,0.031870363942065855,4.545663589767878,116.43333333333334,0.8333333333333334,1.0,evaluation 2021-01..2023-06
Y2,12,naive,30,-0.05882183842644395,-0.06392827356130108,0.05882183842644395,7.106335201775948,113.8,,,evaluation 2021-01..2023-06
Y2,12,onestep,30,0.01777594905678892,0.02191519790080755,0.025667545327623616,3.5434274452481427,113.8,,,evaluation 2021-01..2023-06
Y2,12,nowcast,30,0.0072976860872381345,0.005642484552951258,0.020440800325046367,2.842136654249916,113.8,0.7,1.0,evaluation 2021-01..2023-06
Y2,24,naive,30,-0.01590445083382817,-0.013628146293978585,0.01590445083382817,2.54296414970142,132.6,,,evaluation 2021-01..2023-06
Y2,24,onestep,30,0.005237211480755494,0.008542998413002972,0.010726346829651278,1.6599148240120452,132.6,,,evaluation 2021-01..2023-06
Y2,24,nowcast,30,0.003770269901128775,0.005517565704465427,0.010082842839033363,1.5887855119673902,132.6,0.7666666666666667,0.9666666666666667,evaluation 2021-01..2023-06
Y3,1,naive,29,-0.549384236453202,-0.6,0.549384236453202,2.918431321671001,4.206896551724138,,,evaluation 2021-01..2023-06
Y3,1,onestep,29,0.08876329424292205,-0.021276595744680903,0.6283713010597133,2.25855131858,4.206896551724138,,,evaluation 2021-01..2023-06
Y3,1,nowcast,29,0.03117601720200717,-0.09221361368202477,0.6037172551421259,2.1264887308740215,4.206896551724138,0.6206896551724138,0.7931034482758621,evaluation 2021-01..2023-06
Y3,3,naive,28,-0.37623299319727893,-0.41666666666666663,0.37623299319727893,2.0354009783964297,3.7857142857142856,,,evaluation 2021-01..2023-06
Y3,3,onestep,28,0.1551495164118055,0.06735201917757694,0.5063328467031739,2.088056718550208,3.7857142857142856,,,evaluation 2021-01..2023-06
Y3,3,nowcast,28,0.08864795178292313,-0.0027629177310332653,0.47950651149026574,1.9480980505903207,3.7857142857142856,0.6428571428571429,0.9285714285714286,evaluation 2021-01..2023-06
Y3,6,naive,28,-0.22940759637188207,-0.18253968253968253,0.22940759637188207,1.6146649364939023,4.071428571428571,,,evaluation 2021-01..2023-06
Y3,6,onestep,28,0.18704854723840006,0.2865079365079365,0.37567324664606766,1.6002621632856049,4.071428571428571,,,evaluation 2021-01..2023-06
Y3,6,nowcast,28,0.09849115281572006,0.1765831108977588,0.33079564692812086,1.4069672253715877,4.071428571428571,0.8571428571428571,0.9642857142857143,evaluation 2021-01..2023-06
Y3,12,naive,28,-0.16805555555555557,0.0,0.16805555555555557,1.2535663410560174,3.857142857142857,,,evaluation 2021-01..2023-06
Y3,12,onestep,28,0.05394712044486029,0.24552969225460358,0.2720775305756635,1.2123859980339418,3.857142857142857,,,evaluation 2021-01..2023-06
Y3,12,nowcast,28,0.04035865489748601,0.23396478096943563,0.2630044865461148,1.1866328169600737,3.857142857142857,0.7142857142857143,0.8928571428571429,evaluation 2021-01..2023-06
Y3,24,naive,28,-0.019543650793650797,0.0,0.019543650793650797,0.4629100498862757,4.178571428571429,,,evaluation 2021-01..2023-06
Y3,24,onestep,28,0.059598360514221536,0.07982131311350146,0.08512132979067245,0.4691943444032622,4.178571428571429,,,evaluation 2021-01..2023-06
Y3,24,nowcast,28,0.053239961737459665,0.07208504917635386,0.07944755020627944,0.45176339843625174,4.178571428571429,0.9285714285714286,1.0,evaluation 2021-01..2023-06
all,1,naive,30,-0.2916588675295079,-0.29192572422660923,0.2916588675295079,1304.8928053036898,4383.866666666667,,,evaluation 2021-01..2023-06
all,1,onestep,30,0.09998540572069899,0.09236983889451249,0.10587308815996693,529.1514207852325,4383.866666666667,,,evaluation 2021-01..2023-06
all,1,nowcast,30,0.010057594578190807,0.0018771250217375366,0.05203132363241874,280.3597150335169,4383.866666666667,0.7,0.9333333333333333,evaluation 2021-01..2023-06
all,3,naive,30,-0.18673912238072898,-0.19209903858826244,0.18673912238072898,827.9969001552281,4328.533333333334,,,evaluation 2021-01..2023-06
all,3,onestep,30,0.08784536431514772,0.07437994272214199,0.0887255309438398,435.33696854915155,4328.533333333334,,,evaluation 2021-01..2023-06
all,3,nowcast,30,0.022377476348651632,0.012255102033977425,0.0407269643548278,224.66232514600597,4328.533333333334,0.7666666666666667,1.0,evaluation 2021-01..2023-06
all,6,naive,30,-0.11753889560151921,-0.11720608756323042,0.11753889560151921,519.8019815275813,4326.866666666667,,,evaluation 2021-01..2023-06
all,6,onestep,30,0.06793180894285543,0.05668259217525213,0.06793180894285543,350.797340699071,4326.866666666667,,,evaluation 2021-01..2023-06
all,6,nowcast,30,0.02849036682213191,0.018190450078216375,0.03410151914481931,207.22822136636057,4326.866666666667,0.8,1.0,evaluation 2021-01..2023-06
all,12,naive,30,-0.06110701536757098,-0.06052385992465886,0.06110701536757098,270.0140119820945,4263.333333333333,,,evaluation 2021-01..2023-06
all,12,onestep,30,0.0277113414800405,0.027695564514469154,0.029376369392886934,151.3664289930851,4263.333333333333,,,evaluation 2021-01..2023-06
all,12,nowcast,30,0.015037860930652215,0.016899703335709768,0.020316872058454963,109.08343249662806,4263.333333333333,0.8333333333333334,1.0,evaluation 2021-01..2023-06
all,24,naive,30,-0.016208414488794825,-0.0146526996647896,0.016208414488794825,81.25289738423692,4950.9,,,evaluation 2021-01..2023-06
all,24,onestep,30,0.005689768567012339,0.006994579529742073,0.00680204972529893,44.26638369691478,4950.9,,,evaluation 2021-01..2023-06
all,24,nowcast,30,0.004859807823896011,0.0061174516737811015,0.00634363779083564,40.80537226312622,4950.9,0.43333333333333335,0.7,evaluation 2021-01..2023-06
severe,1,naive,30,-0.2740679842425749,-0.27357571822756044,0.2740679842425749,81.66455779590066,294.4,,,evaluation 2021-01..2023-06
severe,1,onestep,30,0.03460960108050439,0.041833127744932364,0.04706993648618123,16.965867133434013,294.4,,,evaluation 2021-01..2023-06
severe,1,nowcast,30,-0.004870163920153022,-0.00759467704057293,0.03365261787616019,12.177672745984628,294.4,0.7666666666666667,0.9666666666666667,evaluation 2021-01..2023-06
severe,3,naive,30,-0.1621717118841385,-0.16240079365079363,0.1621717118841385,48.551004109081,292.53333333333336,,,evaluation 2021-01..2023-06
severe,3,onestep,30,0.03580495524508043,0.027337005695987987,0.044278646350814604,16.151540097254546,292.53333333333336,,,evaluation 2021-01..2023-06
severe,3,nowcast,30,0.004018980191268862,-0.0025825238028355955,0.029375181529578662,10.563387055645295,292.53333333333336,0.8333333333333334,0.9666666666666667,evaluation 2021-01..2023-06
severe,6,naive,30,-0.10068945991967508,-0.09744111167598712,0.10068945991967508,30.857738089497097,294.1,,,evaluation 2021-01..2023-06
severe,6,onestep,30,0.030831606210183486,0.0315847964980716,0.039847320322665435,14.353204498808156,294.1,,,evaluation 2021-01..2023-06
severe,6,nowcast,30,0.009657253213988049,0.015571242835106877,0.027582957019313632,9.90716809109428,294.1,0.6666666666666666,0.9666666666666667,evaluation 2021-01..2023-06
severe,12,naive,30,-0.04942115156716875,-0.05292307692307692,0.04942115156716875,14.779490293421263,290.5,,,evaluation 2021-01..2023-06
severe,12,onestep,30,0.01586777323866236,0.015738596134092363,0.017998044939750775,6.546072557936322,290.5,,,evaluation 2021-01..2023-06
severe,12,nowcast,30,0.00781892507368658,0.005326787226919436,0.012346106233736536,4.647668025676347,290.5,0.7,0.9666666666666667,evaluation 2021-01..2023-06
severe,24,naive,30,-0.013240984193470728,-0.012563527889137914,0.013240984193470728,4.686861067566081,333.8,,,evaluation 2021-01..2023-06
severe,24,onestep,30,0.00449255510967263,0.005000522555658063,0.005846864684355448,2.434896808562414,333.8,,,evaluation 2021-01..2023-06
severe,24,nowcast,30,0.003418757752215317,0.004500655743374298,0.005322254596113336,2.220625610562048,333.8,0.7666666666666667,1.0,evaluation 2021-01..2023-06
Y0,1,naive,36,-0.275567426997944,-0.2667324391823396,0.275567426997944,1340.7452011640557,4789.333333333333,,,training 2018-01..2020-12
Y0,1,onestep,36,0.2214282216362926,0.23302458686317806,0.2214282216362926,1150.8307382661037,4789.333333333333,,,training 2018-01..2020-12
Y0,1,nowcast,36,0.1617633005919502,0.1721420681926014,0.1632982824878233,860.2304207568,4789.333333333333,0.2222222222222222,0.9722222222222222,training 2018-01..2020-12
Y0,3,naive,36,-0.18267694084288508,-0.17455166227666452,0.18267694084288508,901.6316844723484,4847.694444444444,,,training 2018-01..2020-12
Y0,3,onestep,36,0.16736578224351317,0.17461307283092342,0.16736578224351317,884.0466783295651,4847.694444444444,,,training 2018-01..2020-12
Y0,3,nowcast,36,0.12977074105511735,0.14211870786546818,0.13049315831703756,696.2051984814752,4847.694444444444,0.19444444444444445,0.9444444444444444,training 2018-01..2020-12
Y0,6,naive,36,-0.12463624320369779,-0.11922597029506629,0.12463624320369779,615.4629468041833,4826.694444444444,,,training 2018-01..2020-12
Y0,6,onestep,36,0.11522010628374445,0.11969743269853736,0.11522010628374445,608.5607835406469,4826.694444444444,,,training 2018-01..2020-12
Y0,6,nowcast,36,0.09136409379206932,0.10257086153751283,0.09136409379206932,487.5502928163483,4826.694444444444,0.25,0.9444444444444444,training 2018-01..2020-12
Y0,12,naive,36,-0.06566834760526868,-0.05900474322231887,0.06566834760526868,339.6195174996082,4918.583333333333,,,training 2018-01..2020-12
Y0,12,onestep,36,0.05420337804868553,0.06305270530137694,0.05525653084228599,294.48447399770686,4918.583333333333,,,training 2018-01..2020-12
Y0,12,nowcast,36,0.04429463019102547,0.0476732669251565,0.04512332196425299,232.9135836072403,4918.583333333333,0.19444444444444445,0.8055555555555556,training 2018-01..2020-12
Y0,24,naive,36,-0.02309274893722094,-0.019719114056556575,0.02309274893722094,144.40173513885182,5000.305555555556,,,training 2018-01..2020-12
Y0,24,onestep,36,0.008077818598640145,0.010739530478965038,0.011409419639470227,64.6423869689088,5000.305555555556,,,training 2018-01..2020-12
Y0,24,nowcast,36,0.0063255543027456755,0.009340773194483041,0.010042210631160741,60.00157106050575,5000.305555555556,0.2777777777777778,0.7222222222222222,training 2018-01..2020-12
Y1,1,naive,36,-0.23664790956390735,-0.22493635693709385,0.23664790956390735,52.720700130235585,218.08333333333334,,,training 2018-01..2020-12
Y1,1,onestep,36,0.0751590317461447,0.09448489267018839,0.0812845043134243,20.54811122592233,218.08333333333334,,,training 2018-01..2020-12
Y1,1,nowcast,36,0.0643675182403481,0.07354738545094021,0.07110626913245673,18.630973278197924,218.08333333333334,0.4166666666666667,0.9166666666666666,training 2018-01..2020-12
Y1,3,naive,36,-0.13846985379213694,-0.1408108847258307,0.13846985379213694,31.591137997862628,220.66666666666666,,,training 2018-01..2020-12
Y1,3,onestep,36,0.06595767235511439,0.06675381885568546,0.06706005179387747,17.102716206477876,220.66666666666666,,,training 2018-01..2020-12
Y1,3,nowcast,36,0.05472846943323902,0.05566793882583361,0.057660545630095233,14.757208878665631,220.66666666666666,0.4166666666666667,0.8333333333333334,training 2018-01..2020-12
Y1,6,naive,36,-0.08992004813246478,-0.08432126273535964,0.08992004813246478,20.77525237177905,225.22222222222223,,,training 2018-01..2020-12
Y1,6,onestep,36,0.05487232182104927,0.06066738481096644,0.05638417807915888,13.90102061558625,225.22222222222223,,,training 2018-01..2020-12
Y1,6,nowcast,36,0.040487794893066247,0.0445944784901929,0.043947662974921954,11.058492237641666,225.22222222222223,0.2222222222222222,0.9444444444444444,training 2018-01..2020-12
Y1,12,naive,36,-0.04449126578674928,-0.04529431054271192,0.04449126578674928,11.215069227507147,234.30555555555554,,,training 2018-01..2020-12
Y1,12,onestep,36,0.0327285682373182,0.03324288843780654,0.03358142077711023,8.660915273591527,234.30555555555554,,,training 2018-01..2020-12
Y1,12,nowcast,36,0.023297648857668975,0.025593576948381543,0.02494485826855113,6.729816863985414,234.30555555555554,0.4722222222222222,0.8055555555555556,training 2018-01..2020-12
Y1,24,naive,36,-0.013621067049525159,-0.012991021324354656,0.013621067049525159,3.689323936863109,237.63888888888889,,,training 2018-01..2020-12
Y1,24,onestep,36,0.008307618522714316,0.009636714836661765,0.009691209496216489,2.737702334964989,237.63888888888889,,,training 2018-01..2020-12
Y1,24,nowcast,36,0.006886537290432035,0.008004315972847516,0.008794386874010452,2.498702259772101,237.63888888888889,0.5833333333333334,0.9444444444444444,training 2018-01..2020-12
Y2,1,naive,36,-0.26577645975316583,-0.2610683617709379,0.26577645975316583,41.544821846076346,147.36111111111111,,,training 2018-01..2020-12
Y2,1,onestep,36,0.128602430655433,0.13948771533647064,0.1334739725222659,22.674091613131278,147.36111111111111,,,training 2018-01..2020-12
Y2,1,nowcast,36,0.11824547497535469,0.12076575213083855,0.11986124965125808,20.22354896263223,147.36111111111111,0.3333333333333333,0.75,training 2018-01..2020-12
Y2,3,naive,36,-0.15792461588687418,-0.1516339869281046,0.15792461588687418,25.629301806937914,149.69444444444446,,,training 2018-01..2020-12
Y2,3,onestep,36,0.11392548456208552,0.12329130580272599,0.11399377424856724,18.686228684498047,149.69444444444446,,,training 2018-01..2020-12
Y2,3,nowcast,36,0.0971606734663368,0.09776989630446131,0.0971606734663368,15.95746024579258,149.69444444444446,0.2777777777777778,0.8333333333333334,training 2018-01..2020-12
Y2,6,naive,36,-0.11084862676635594,-0.10331791496175058,0.11084862676635594,18.37873166945363,151.91666666666666,,,training 2018-01..2020-12
Y2,6,onestep,36,0.0795909584195188,0.08959124279656651,0.08030869592404989,13.645521559078704,151.91666666666666,,,training 2018-01..2020-12
Y2,6,nowcast,36,0.06552176846828724,0.06602207593381228,0.06617555629930491,11.48668284798356,151.91666666666666,0.4166666666666667,0.8888888888888888,training 2018-01..2020-12
Y2,12,naive,36,-0.05866688675465993,-0.06020134228187919,0.05866688675465993,10.00694203485205,160.13888888888889,,,training 2018-01..2020-12
Y2,12,onestep,36,0.05121661032423569,0.04961183984458488,0.05121661032423569,8.768826324332156,160.13888888888889,,,training 2018-01..2020-12
Y2,12,nowcast,36,0.040888983951659734,0.043353064944595635,0.040888983951659734,7.194037373696738,160.13888888888889,0.4444444444444444,0.9444444444444444,training 2018-01..2020-12
Y2,24,naive,36,-0.016344223291215508,-0.015955645843914,0.016344223291215508,3.1490739379485304,168.0,,,training 2018-01..2020-12
Y2,24,onestep,36,0.018010618528034202,0.01989743229837468,0.018257491601142525,3.4992435623541667,168.0,,,training 2018-01..2020-12
Y2,24,nowcast,36,0.016108031453743787,0.018334105166168194,0.016883155395115482,3.3116430562786383,168.0,0.5,0.9722222222222222,training 2018-01..2020-12
Y3,1,naive,34,-0.5140172735760971,-0.5,0.5140172735760971,2.9803276566808004,4.5588235294117645,,,training 2018-01..2020-12
Y3,1,onestep,34,0.2316611148898153,0.28095101415996937,0.6204425683553808,3.285244269985708,4.5588235294117645,,,training 2018-01..2020-12
Y3,1,nowcast,34,0.24097899739667566,0.2905749632306588,0.6239310261652524,3.3727207153098435,4.5588235294117645,0.5588235294117647,0.7647058823529411,training 2018-01..2020-12
Y3,3,naive,35,-0.3954535147392291,-0.375,0.3954535147392291,2.4023797725231892,4.685714285714286,,,training 2018-01..2020-12
Y3,3,onestep,35,0.21682653667158633,0.25600000000000006,0.47320266795491417,2.811865687262443,4.685714285714286,,,training 2018-01..2020-12
Y3,3,nowcast,35,0.1913585634575361,0.24663703605510162,0.45562458662901834,2.728595140548814,4.685714285714286,0.8,0.9142857142857143,training 2018-01..2020-12
Y3,6,naive,35,-0.2455442176870748,-0.25,0.2455442176870748,1.6733200530681511,4.714285714285714,,,training 2018-01..2020-12
Y3,6,onestep,35,0.2658217882204933,0.27386934673366836,0.38507376500128765,2.181825226770357,4.714285714285714,,,training 2018-01..2020-12
Y3,6,nowcast,35,0.23725785700670485,0.20425608834997933,0.3564323288339585,2.1247484104873338,4.714285714285714,0.8,0.9714285714285714,training 2018-01..2020-12
Y3,12,naive,35,-0.13183673469387755,0.0,0.13183673469387755,1.1952286093343936,4.942857142857143,,,training 2018-01..2020-12
Y3,12,onestep,35,0.17734093115600838,0.30888030888030893,0.2532739040750848,1.301132140082794,4.942857142857143,,,training 2018-01..2020-12
Y3,12,nowcast,35,0.16277227318066628,0.27321755532676306,0.24750487687559541,1.281838899996459,4.942857142857143,0.7428571428571429,0.9714285714285714,training 2018-01..2020-12
Y3,24,naive,36,-0.04636243386243386,0.0,0.04636243386243386,0.6871842709362768,5.25,,,training 2018-01..2020-12
Y3,24,onestep,36,0.06987325938626195,0.11945949094297866,0.12098636612223333,0.7320299404681919,5.25,,,training 2018-01..2020-12
Y3,24,nowcast,36,0.06605647078757851,0.11496303195003788,0.11719655519359246,0.7130230216210004,5.25,0.8888888888888888,1.0,training 2018-01..2020-12
all,1,naive,36,-0.2739655415680168,-0.2685552935637564,0.2739655415680168,1434.909898448912,5159.083333333333,,,training 2018-01..2020-12
all,1,onestep,36,0.20927150314707238,0.22107592004785015,0.20927150314707238,1173.1772362378981,5159.083333333333,,,training 2018-01..2020-12
all,1,nowcast,36,0.15488696879582572,0.16421750099649174,0.1563349793901681,888.6356810295324,5159.083333333333,0.2222222222222222,0.9722222222222222,training 2018-01..2020-12
all,3,naive,36,-0.18036168188477186,-0.17177239298730906,0.18036168188477186,958.8593049382514,5222.611111111111,,,training 2018-01..2020-12
all,3,onestep,36,0.15940528552960778,0.1673040828643904,0.15940528552960778,906.8061718751296,5222.611111111111,,,training 2018-01..2020-12
all,3,nowcast,36,0.12448375770119584,0.13636276164178668,0.12522939749868348,719.5517932447332,5222.611111111111,0.2222222222222222,0.9444444444444444,training 2018-01..2020-12
all,6,naive,36,-0.12290419694739746,-0.11771335231668353,0.12290419694739746,654.0714155707057,5208.416666666667,,,training 2018-01..2020-12
all,6,onestep,36,0.11062882184952522,0.11516194429464355,0.11062882184952522,629.8594591725235,5208.416666666667,,,training 2018-01..2020-12
all,6,nowcast,36,0.08785691566745864,0.0988460384663882,0.08785691566745864,506.17157638203196,5208.416666666667,0.2222222222222222,1.0,training 2018-01..2020-12
all,12,naive,36,-0.06460896650035503,-0.057983857919741554,0.06460896650035503,360.2498361476996,5317.833333333333,,,training 2018-01..2020-12
all,12,onestep,36,0.05301946646126684,0.06152008671366453,0.054000240540786136,309.855585368511,5317.833333333333,,,training 2018-01..2020-12
all,12,nowcast,36,0.043187491407325945,0.04679036515785474,0.04393964395946574,244.78058566581745,5317.833333333333,0.2222222222222222,0.8611111111111112,training 2018-01..2020-12
all,24,naive,36,-0.0225173101949419,-0.019477382307260812,0.0225173101949419,150.30681584309107,5411.194444444444,,,training 2018-01..2020-12
all,24,onestep,36,0.008399913467023566,0.011035326379683446,0.011371639401052142,68.2756507147102,5411.194444444444,,,training 2018-01..2020-12
all,24,nowcast,36,0.006663137787670327,0.009442793568487286,0.009876032054325119,62.684040256555555,5411.194444444444,0.2222222222222222,0.7222222222222222,training 2018-01..2020-12
severe,1,naive,36,-0.2512593241155369,-0.24910688395290842,0.2512593241155369,96.09254798254534,369.75,,,training 2018-01..2020-12
severe,1,onestep,36,0.09846089008348052,0.10620043760588177,0.10186665212910702,41.65493372012542,369.75,,,training 2018-01..2020-12
severe,1,nowcast,36,0.08893390236020847,0.0976815536054503,0.08941504493597421,37.65483858619993,369.75,0.3611111111111111,0.8333333333333334,training 2018-01..2020-12
severe,3,naive,36,-0.14957022679933837,-0.14034160453989095,0.14957022679933837,58.58635601495549,374.9166666666667,,,training 2018-01..2020-12
severe,3,onestep,36,0.0863458930914972,0.10249393920199684,0.0863458930914972,35.66282708852277,374.9166666666667,,,training 2018-01..2020-12
severe,3,nowcast,36,0.0734952822178134,0.08283254333603449,0.0734952822178134,30.728327723893013,374.9166666666667,0.3333333333333333,0.8055555555555556,training 2018-01..2020-12
severe,6,naive,36,-0.10044162835964104,-0.0914017262099858,0.10044162835964104,39.80996525159666,381.72222222222223,,,training 2018-01..2020-12
severe,6,onestep,36,0.06669264193322309,0.0697282604232369,0.06669264193322309,27.89047087470008,381.72222222222223,,,training 2018-01..2020-12
severe,6,nowcast,36,0.05275885370321843,0.055123782520864015,0.052957830110837684,22.826552255578935,381.72222222222223,0.3055555555555556,0.9722222222222222,training 2018-01..2020-12
severe,12,naive,36,-0.05159775377974844,-0.05150152677261907,0.05159775377974844,21.3873015283992,399.25,,,training 2018-01..2020-12
severe,12,onestep,36,0.041464305101832216,0.03973991699133239,0.041464305101832216,17.558847450251196,399.25,,,training 2018-01..2020-12
severe,12,nowcast,36,0.031835372221023374,0.03382198421665654,0.031835372221023374,13.823442924386269,399.25,0.2777777777777778,0.8611111111111112,training 2018-01..2020-12
severe,24,naive,36,-0.01522654294595499,-0.01459931798806479,0.01522654294595499,6.616477747093069,410.8888888888889,,,training 2018-01..2020-12
severe,24,onestep,36,0.012880548170446381,0.013876833068710917,0.012880548170446381,5.724983799939006,410.8888888888889,,,training 2018-01..2020-12
severe,24,nowcast,36,0.01128714879603079,0.01122292114801363,0.01128714879603079,5.195200442001814,410.8888888888889,0.4166666666666667,0.9722222222222222,training 2018-01..2020-12
