stream,cohort,cohort_p,h,C_obs,N_hat,F_hat,lo90,lo50,sim_median,hi50,hi90
all,2023-07,24282,35,5983.0,6001.645810673041,0.996893217083907,5994.0,5997.75,6001.0,6005.0,6011.0
all,2023-08,24283,34,5911.0,5934.992690929783,0.9959574186221914,5926.0,5930.0,5934.0,5938.0,5946.0
all,2023-09,24284,33,5598.0,5626.457930977367,0.9949421232102905,5617.0,5622.0,5627.0,5632.0,5640.0
all,2023-10,24285,32,5365.0,5397.9258099517665,0.9939002848295796,5384.95,5392.0,5397.0,5403.0,5411.0
all,2023-11,24286,31,5142.0,5178.728460939694,0.9929078226022631,5166.0,5172.0,5178.0,5184.0,5192.0
all,2023-12,24287,30,5337.0,5381.1137066349265,0.9918021233075721,5366.0,5374.0,5380.5,5387.0,5397.0
all,2024-01,24288,29,6409.0,6470.759634894158,0.9904555819750878,6449.95,6463.0,6470.0,6478.0,6495.05
all,2024-02,24289,28,5368.0,5427.298196882096,0.9890740853494724,5410.0,5418.75,5426.0,5433.0,5448.0
all,2024-03,24290,27,5257.0,5322.983630106073,0.9876040140847177,5302.0,5313.0,5323.0,5332.0,5347.0
all,2024-04,24291,26,5322.0,5397.043476561976,0.9860954470928628,5375.0,5387.0,5395.5,5406.0,5424.05
all,2024-05,24292,25,5560.0,5649.238613888937,0.9842034263396948,5623.95,5637.0,5649.0,5662.0,5678.0
all,2024-06,24293,24,5541.0,5642.257797972646,0.982053673972673,5589.95,5615.0,5637.5,5661.0,5701.05
all,2024-07,24294,23,5715.0,5858.909254936998,0.9754375347568777,5796.95,5830.0,5856.0,5880.0,5924.0
all,2024-08,24295,22,5952.0,6113.912027822303,0.9735174423371653,6037.0,6080.0,6108.5,6139.0,6195.15
all,2024-09,24296,21,5169.0,5320.808603490838,0.9714688847497275,5260.0,5296.0,5320.5,5350.0,5398.0
all,2024-10,24297,20,5502.0,5676.7825755539725,0.969210979418757,5586.95,5635.75,5676.5,5712.25,5776.45
all,2024-11,24298,19,5056.0,5229.81142293285,0.9667652599918454,5136.75,5185.75,5231.0,5273.25,5347.1
all,2024-12,24299,18,5362.0,5562.935938444499,0.963879516020333,5433.95,5501.75,5552.0,5608.25,5688.1
all,2025-01,24300,17,6040.0,6288.981233832168,0.960409925777366,6137.0,6221.75,6279.0,6349.25,6471.299999999999
all,2025-02,24301,16,5151.0,5384.838165485549,0.9565747087843142,5220.9,5309.0,5377.0,5453.0,5561.1
all,2025-03,24302,15,5611.0,5889.274781246508,0.9527488881767529,5685.0,5797.0,5876.0,5973.25,6114.1
all,2025-04,24303,14,5449.0,5745.237485336088,0.948437730190929,5557.9,5659.0,5744.0,5832.25,5999.0
all,2025-05,24304,13,5679.0,6022.992111476883,0.9428868401103495,5776.75,5925.75,6023.5,6128.75,6295.45
all,2025-06,24305,12,6090.0,6505.911651281921,0.9360717338975899,6224.8,6395.0,6507.5,6620.25,6808.0
all,2025-07,24306,11,6446.0,6997.246953582282,0.9212194514158075,6681.85,6852.75,6969.0,7090.0,7303.05
all,2025-08,24307,10,5844.0,6390.905381456933,0.9144244283378429,6073.65,6239.75,6352.5,6495.25,6737.4
all,2025-09,24308,9,5213.0,5750.020104454894,0.9066055257721914,5434.6,5613.75,5728.5,5870.5,6091.349999999999
all,2025-10,24309,8,5802.0,6465.929175341669,0.8973188296163813,6086.85,6296.75,6449.0,6599.0,6877.15
all,2025-11,24310,7,4942.0,5580.447994184328,0.8855919820685207,5251.85,5425.0,5573.0,5709.5,5947.699999999999
all,2025-12,24311,6,5383.0,6174.271388530712,0.8718437628121477,5805.0,6006.0,6159.0,6306.25,6617.05
all,2026-01,24312,5,5405.0,6330.791114954278,0.8537637558807745,5927.8,6127.0,6324.0,6512.25,6867.549999999999
all,2026-02,24313,4,4867.0,5844.145189660939,0.8327992960562244,5500.9,5688.75,5830.5,6022.5,6311.349999999999
all,2026-03,24314,3,5316.0,6600.032816522016,0.8054505405931215,6129.9,6379.0,6556.0,6756.75,7111.2
all,2026-04,24315,2,4673.0,6098.06653247534,0.7663084643491297,5699.85,5899.0,6045.0,6234.25,6591.05
all,2026-05,24316,1,4327.0,6180.603308628644,0.7000934672443938,5582.8,5889.0,6140.5,6384.75,6769.45
all,2026-06,24317,0,3087.0,5932.44292210823,0.5203589887895564,5113.55,5584.25,5909.0,6272.0,6794.5
Y0,2023-07,24282,35,5608.0,5626.086547789448,0.9967852347034095,5619.0,5623.0,5626.0,5629.0,5634.0
Y0,2023-08,24283,34,5572.0,5595.178718335329,0.9958573765911404,5586.0,5591.0,5595.0,5599.0,5605.0
Y0,2023-09,24284,33,5281.0,5308.404919435021,0.9948374474345982,5298.0,5304.0,5308.5,5313.0,5319.05
Y0,2023-10,24285,32,5069.0,5100.584733210595,0.9938076250346469,5089.0,5096.0,5101.0,5105.0,5114.0
Y0,2023-11,24286,31,4822.0,4856.994823390075,0.9927949638279314,4844.0,4851.0,4857.0,4863.0,4872.0
Y0,2023-12,24287,30,5028.0,5070.223726676119,0.9916722162665196,5054.0,5063.0,5069.0,5077.0,5086.0
Y0,2024-01,24288,29,6110.0,6169.535594324755,0.9903500687507953,6151.95,6161.0,6168.0,6178.0,6192.0
Y0,2024-02,24289,28,5116.0,5173.194667877371,0.988944033319968,5154.0,5165.0,5172.0,5181.0,5193.0
Y0,2024-03,24290,27,5014.0,5077.663702169292,0.98746200892704,5058.0,5069.0,5077.0,5086.0,5099.05
Y0,2024-04,24291,26,5037.0,5108.814675127588,0.9859429868385675,5087.95,5099.0,5108.0,5119.0,5133.0
Y0,2024-05,24292,25,5284.0,5369.779384426821,0.9840255291165976,5344.0,5358.0,5370.0,5380.0,5397.0
Y0,2024-06,24293,24,5314.0,5412.302993842358,0.9818371229485492,5360.95,5387.75,5411.0,5434.0,5473.0
Y0,2024-07,24294,23,5452.0,5591.771309254426,0.9750041084435797,5531.0,5566.0,5589.0,5616.0,5664.1
Y0,2024-08,24295,22,5664.0,5820.728024436416,0.9730741543362885,5745.95,5789.0,5815.0,5843.0,5901.05
Y0,2024-09,24296,21,4923.0,5070.009041264181,0.9710041855807963,5007.75,5042.75,5066.5,5097.0,5140.0
Y0,2024-10,24297,20,5221.0,5389.205766118362,0.9687883941682349,5309.9,5350.75,5386.0,5425.0,5492.05
Y0,2024-11,24298,19,4800.0,4967.230784397114,0.9663331961699035,4876.95,4925.5,4960.0,5004.0,5064.0
Y0,2024-12,24299,18,5099.0,5292.556838140827,0.9634284819114348,5192.95,5239.0,5288.0,5333.25,5414.0
Y0,2025-01,24300,17,5789.0,6030.93108730575,0.9598849524553547,5865.0,5965.0,6032.5,6093.0,6213.2
Y0,2025-02,24301,16,4932.0,5158.969339647926,0.9560049062700156,4993.0,5085.75,5158.0,5224.25,5345.05
Y0,2025-03,24302,15,5363.0,5632.508231483095,0.9521512938096265,5393.7,5538.0,5618.5,5717.0,5853.25
Y0,2025-04,24303,14,5207.0,5494.022922031804,0.9477572398031319,5283.95,5400.75,5492.0,5598.75,5746.2
Y0,2025-05,24304,13,5358.0,5687.018877867151,0.942145632899579,5428.9,5582.0,5681.0,5791.5,5980.1
Y0,2025-06,24305,12,5779.0,6178.968944090732,0.9352693066254616,5906.9,6056.5,6169.0,6286.25,6515.15
Y0,2025-07,24306,11,6094.0,6623.606583713877,0.9200425663842908,6306.75,6494.5,6615.0,6761.25,7000.05
Y0,2025-08,24307,10,5497.0,6019.447699690492,0.913206705040837,5723.75,5872.5,6005.5,6137.25,6353.599999999999
Y0,2025-09,24308,9,4874.0,5383.644039237696,0.9053347443621366,5080.85,5249.0,5380.0,5519.5,5737.15
Y0,2025-10,24309,8,5463.0,6097.3186657067,0.8959676046990436,5715.95,5936.0,6080.5,6245.5,6513.349999999999
Y0,2025-11,24310,7,4603.0,5206.402595653779,0.8841037387009815,4874.0,5069.0,5202.0,5349.0,5583.05
Y0,2025-12,24311,6,5019.0,5767.054995689143,0.8702882153459067,5393.85,5611.0,5756.0,5925.5,6189.749999999999
Y0,2026-01,24312,5,5049.0,5925.6363933990115,0.8520603804891641,5534.0,5751.0,5902.0,6100.75,6368.1
Y0,2026-02,24313,4,4561.0,5488.780648157393,0.8309678036653089,5115.75,5293.25,5452.0,5623.0,5868.349999999999
Y0,2026-03,24314,3,4955.0,6166.613716485573,0.8035204129542776,5759.85,5987.75,6147.0,6361.0,6704.349999999999
Y0,2026-04,24315,2,4330.0,5663.7406213808745,0.7645124114007015,5273.85,5447.5,5635.0,5816.0,6119.15
Y0,2026-05,24316,1,3994.0,5716.805367342431,0.6986419413219745,5219.95,5481.75,5708.0,5935.0,6297.15
Y0,2026-06,24317,0,2848.0,5465.035591970023,0.5211310982465824,4704.9,5131.75,5450.5,5809.25,6367.1
Y1,2023-07,24282,35,202.0,202.34035383319292,0.9983179142136249,202.0,202.0,202.0,202.0,203.0
Y1,2023-08,24283,34,199.0,199.45324895440248,0.9977275428864731,199.0,199.0,199.0,200.0,200.0
Y1,2023-09,24284,33,174.0,174.55980931477788,0.9967930228786605,174.0,174.0,174.0,175.0,176.0
Y1,2023-10,24285,32,172.0,172.73131066176643,0.9957661951445593,172.0,172.0,172.0,173.0,174.0
Y1,2023-11,24286,31,205.0,205.99657486028005,0.9951621775218545,205.0,205.0,206.0,206.25,208.0
Y1,2023-12,24287,30,185.0,185.99653337950988,0.9946421938011256,185.0,185.0,186.0,186.0,188.0
Y1,2024-01,24288,29,180.0,181.239159599889,0.9931628484560145,180.0,180.0,181.0,182.0,183.0
Y1,2024-02,24289,28,160.0,161.272073302831,0.9921122530591993,160.0,160.0,161.0,162.0,163.0
Y1,2024-03,24290,27,150.0,151.43473514220716,0.9905257196054799,150.0,151.0,151.0,152.0,154.0
Y1,2024-04,24291,26,187.0,188.97441881770808,0.9895519254401693,187.0,188.0,189.0,190.0,192.0
Y1,2024-05,24292,25,179.0,181.11783430161535,0.988306870442761,179.0,180.0,181.0,182.0,184.0
Y1,2024-06,24293,24,146.0,147.9146462354706,0.9870557359653038,146.0,147.0,148.0,149.0,150.0
Y1,2024-07,24294,23,172.0,174.75083651637343,0.9842585216116222,172.0,173.75,175.0,176.0,178.0
Y1,2024-08,24295,22,185.0,188.2190311883953,0.9828974192031982,185.0,187.0,188.0,189.0,192.0
Y1,2024-09,24296,21,142.0,144.6989287044061,0.9813479703784157,142.0,143.0,145.0,146.0,148.0
Y1,2024-10,24297,20,169.0,172.59986122552638,0.9791433133261755,169.0,171.0,172.0,174.0,177.0
Y1,2024-11,24298,19,156.0,159.6237852072931,0.9772979621891115,156.0,158.0,159.0,161.0,163.04999999999995
Y1,2024-12,24299,18,165.0,169.23513922032282,0.9749748235512177,166.0,167.0,169.0,171.0,174.0
Y1,2025-01,24300,17,160.0,164.46896405913103,0.9728279187219522,161.0,163.0,164.0,166.0,169.0
Y1,2025-02,24301,16,138.0,142.28034717275443,0.9699161039608843,139.0,140.0,142.0,144.0,147.0
Y1,2025-03,24302,15,148.0,153.02299624527322,0.9671748928688986,149.0,151.0,153.0,155.0,158.0
Y1,2025-04,24303,14,137.0,142.02624490042473,0.9646104499633245,138.0,140.0,142.0,144.0,147.0
Y1,2025-05,24304,13,201.0,209.38389688223893,0.9599592088643083,204.0,207.0,209.0,212.0,216.04999999999995
Y1,2025-06,24305,12,196.0,205.58622811263137,0.953371253509357,200.0,203.0,205.0,208.0,212.0
Y1,2025-07,24306,11,214.0,226.3338166446184,0.945506081117412,220.0,223.0,226.0,229.0,235.0
Y1,2025-08,24307,10,206.0,219.10634881819104,0.9401827063027446,212.0,216.0,219.0,222.0,226.0
Y1,2025-09,24308,9,204.0,218.64584163064941,0.9330156863655787,211.0,215.0,218.0,221.0,227.0
Y1,2025-10,24309,8,196.0,211.75526602437222,0.9255968159839819,204.0,208.0,212.0,215.0,220.0
Y1,2025-11,24310,7,216.0,235.67277036291057,0.9165250600117416,227.0,231.0,235.0,240.0,246.0
Y1,2025-12,24311,6,210.0,232.63871593267208,0.9026872382702458,222.0,227.0,232.0,237.0,245.0
Y1,2026-01,24312,5,235.0,264.65926473212295,0.887934152759992,254.0,259.0,264.0,270.0,278.0
Y1,2026-02,24313,4,185.0,212.712565110568,0.8697182505595614,201.0,208.0,212.0,217.0,227.0
Y1,2026-03,24314,3,217.0,257.2510515039643,0.843533967038638,241.0,249.0,256.0,263.0,274.04999999999995
Y1,2026-04,24315,2,201.0,249.8787186051656,0.8043902302764764,233.95,242.0,249.0,257.0,270.0
Y1,2026-05,24316,1,182.0,248.37152741142668,0.7327732043074227,228.0,240.0,249.0,258.0,272.0
Y1,2026-06,24317,0,141.0,271.1428485974142,0.5200210912047808,236.0,253.0,270.0,286.0,313.0
Y2,2023-07,24282,35,169.0,169.23231692076982,0.9986272307500311,169.0,169.0,169.0,169.0,170.0
Y2,2023-08,24283,34,136.0,136.35744268740027,0.9973786345625468,136.0,136.0,136.0,137.0,137.0
Y2,2023-09,24284,33,140.0,140.49187747454354,0.99649889030323,140.0,140.0,140.0,141.0,142.0
Y2,2023-10,24285,32,121.0,121.60986991318603,0.9949850294748165,121.0,121.0,121.0,122.0,123.0
Y2,2023-11,24286,31,113.0,113.67074279741351,0.9940992485761361,113.0,113.0,113.0,114.0,115.0
Y2,2023-12,24287,30,120.0,120.88257218279279,0.9926989294911909,120.0,120.0,121.0,121.0,123.0
Y2,2024-01,24288,29,114.0,115.06195163821845,0.9907706098923346,114.0,114.0,115.0,116.0,117.0
Y2,2024-02,24289,28,90.0,90.93319136059841,0.9897376156424795,90.0,90.0,91.0,91.0,93.0
Y2,2024-03,24290,27,90.0,91.01702282899355,0.9888260152070194,90.0,90.0,91.0,92.0,93.0
Y2,2024-04,24291,26,96.0,97.26544727995142,0.98698975519735,96.0,97.0,97.0,98.0,99.0
Y2,2024-05,24292,25,96.0,97.44820345521907,0.9851387362324789,96.0,97.0,97.0,98.0,100.0
Y2,2024-06,24293,24,80.0,81.37195788045946,0.9831396722385007,80.0,80.0,81.0,82.0,83.04999999999995
Y2,2024-07,24294,23,89.0,90.9127947268345,0.9789601152117051,89.0,90.0,91.0,92.0,94.0
Y2,2024-08,24295,22,102.0,104.43840622970885,0.9766522075763426,102.0,103.0,104.0,105.0,108.0
Y2,2024-09,24296,21,102.0,104.62877348727842,0.9748752336507314,102.0,104.0,104.0,106.0,108.0
Y2,2024-10,24297,20,108.0,111.208045494821,0.9711527571539741,108.0,110.0,111.0,112.0,115.0
Y2,2024-11,24298,19,96.0,99.1352854658955,0.9683736678503427,97.0,98.0,99.0,100.0,103.0
Y2,2024-12,24299,18,95.0,98.34503098736785,0.9659867819066781,96.0,97.0,98.0,99.0,102.0
Y2,2025-01,24300,17,88.0,91.31344177799612,0.9637135375309601,89.0,90.0,91.0,93.0,95.0
Y2,2025-02,24301,16,79.0,82.24381764417903,0.960558522973567,79.0,81.0,82.0,83.0,85.0
Y2,2025-03,24302,15,94.0,98.28965697986929,0.9563569849394443,95.0,97.0,98.0,100.0,103.0
Y2,2025-04,24303,14,103.0,108.09499612396142,0.9528655691136844,104.95,106.0,108.0,109.0,112.0
Y2,2025-05,24304,13,119.0,125.45871295289477,0.9485192155978853,122.0,123.0,125.0,127.0,130.0
Y2,2025-06,24305,12,112.0,118.6174692667558,0.9442116805588395,115.0,117.0,119.0,121.0,123.0
Y2,2025-07,24306,11,135.0,144.55456834733738,0.9339033801797286,139.95,142.0,144.0,147.0,151.0
Y2,2025-08,24307,10,139.0,149.93813000825008,0.9270490434444645,145.0,148.0,150.0,152.0,156.0
Y2,2025-09,24308,9,131.0,142.31825802902242,0.9204721995212003,137.0,140.0,142.0,145.0,149.0
Y2,2025-10,24309,8,141.0,154.6917859954017,0.9114898964589582,148.0,152.0,155.0,158.0,162.0
Y2,2025-11,24310,7,121.0,134.23304215301374,0.9014174011050926,128.0,132.0,134.0,137.0,142.0
Y2,2025-12,24311,6,151.0,169.48974001281297,0.8909093847721096,162.0,166.0,169.0,172.0,177.0
Y2,2026-01,24312,5,119.0,136.15705416038568,0.873990706789414,129.0,133.0,136.0,139.0,145.0
Y2,2026-02,24313,4,118.0,138.11764116582017,0.8543441591094979,129.95,134.0,138.0,142.0,148.0
Y2,2026-03,24314,3,141.0,169.8089463343615,0.8303449437956267,159.0,164.0,169.0,175.0,183.0
Y2,2026-04,24315,2,139.0,176.71174903088027,0.7865917278409702,164.0,170.0,176.0,181.0,192.0
Y2,2026-05,24316,1,147.0,205.33486453725752,0.7159037522988562,187.0,197.0,205.0,212.25,226.0
Y2,2026-06,24317,0,98.0,197.49027709974868,0.4962269608366695,166.95,184.0,197.0,209.25,231.0
Y3,2023-07,24282,35,4.0,4.033057851239669,0.9918032786885246,4.0,4.0,4.0,4.0,4.0
Y3,2023-08,24283,34,4.0,4.101126338180423,0.975341813482076,4.0,4.0,4.0,4.0,5.0
Y3,2023-09,24284,33,3.0,3.088823001540952,0.9712437386355127,3.0,3.0,3.0,3.0,4.0
Y3,2023-10,24285,32,3.0,3.088823001540952,0.9712437386355127,3.0,3.0,3.0,3.0,4.0
Y3,2023-11,24286,31,2.0,2.0592153343606343,0.9712437386355127,2.0,2.0,2.0,2.0,3.0
Y3,2023-12,24287,30,4.0,4.118430668721269,0.9712437386355127,4.0,4.0,4.0,4.0,5.0
Y3,2024-01,24288,29,5.0,5.170518852652247,0.9670209397718802,5.0,5.0,5.0,5.0,6.0
Y3,2024-02,24289,28,2.0,2.068207541060899,0.9670209397718802,2.0,2.0,2.0,2.0,3.0
Y3,2024-03,24290,27,3.0,3.1023113115913485,0.9670209397718802,3.0,3.0,3.0,3.0,4.0
Y3,2024-04,24291,26,2.0,2.0774406104406355,0.9627230689284495,2.0,2.0,2.0,2.0,3.0
Y3,2024-05,24292,25,1.0,1.0434203970991427,0.958386478527871,1.0,1.0,1.0,1.0,2.0
Y3,2024-06,24293,24,1.0,1.0482510470857125,0.9539699509770514,1.0,1.0,1.0,1.0,1.0
Y3,2024-07,24294,23,2.0,2.1167581530523085,0.9448410519246394,2.0,2.0,2.0,2.0,3.0
Y3,2024-08,24295,22,1.0,1.0635168390335628,0.9402766023984335,1.0,1.0,1.0,1.0,2.0
Y3,2024-09,24296,21,2.0,2.1483040148477968,0.9309669330677559,2.0,2.0,2.0,2.0,3.0
Y3,2024-10,24297,20,4.0,4.340675804359138,0.9215154921229056,4.0,4.0,4.0,5.0,6.0
Y3,2024-11,24298,19,4.0,4.386367128615549,0.911916372413292,4.0,4.0,4.0,5.0,5.0
Y3,2024-12,24299,18,3.0,3.3768064402833997,0.8884133731242896,3.0,3.0,3.0,4.0,5.0
Y3,2025-01,24300,17,3.0,3.431565463639347,0.8742365639786892,3.0,3.0,3.0,4.0,5.0
Y3,2025-02,24301,16,2.0,2.325628159519852,0.8599827069572975,2.0,2.0,2.0,3.0,3.0
Y3,2025-03,24302,15,6.0,7.055719331424634,0.8503739616281658,6.0,6.0,7.0,8.0,9.0
Y3,2025-04,24303,14,2.0,2.3786326533969415,0.8408191980143661,2.0,2.0,2.0,3.0,3.0
Y3,2025-05,24304,13,1.0,1.2031455863112437,0.8311546095314424,1.0,1.0,1.0,1.0,2.0
Y3,2025-06,24305,12,3.0,3.695375729384534,0.8118254325655949,3.0,3.0,3.0,4.0,5.0
Y3,2025-07,24306,11,3.0,3.7621596281083507,0.7974143302123595,3.0,3.0,3.0,4.0,6.0
Y3,2025-08,24307,10,2.0,2.5850421984548175,0.7736817608608012,2.0,2.0,2.0,3.0,5.0
Y3,2025-09,24308,9,4.0,5.234309047802922,0.7641887331201779,4.0,4.0,5.0,6.25,11.0
Y3,2025-10,24309,8,2.0,2.6333097987403593,0.7595004586838577,2.0,2.0,2.0,3.0,5.0
Y3,2025-11,24310,7,2.0,2.6846080415729636,0.7449877110656948,2.0,2.0,2.0,3.0,6.0
Y3,2025-12,24311,6,3.0,4.161142464438094,0.7209558494184143,3.0,3.0,4.0,5.0,8.049999999999955
Y3,2026-01,24312,5,2.0,2.8678144011667945,0.6973952007446099,2.0,2.0,2.0,3.0,6.0
Y3,2026-02,24313,4,3.0,4.487407426286171,0.6685374683000054,3.0,3.0,4.0,5.0,9.0
Y3,2026-03,24314,3,3.0,4.946748343937512,0.6064589891007192,3.0,3.0,3.0,5.0,16.0
Y3,2026-04,24315,2,3.0,5.554243754596504,0.540127537167828,3.0,3.0,3.0,7.0,18.0
Y3,2026-05,24316,1,4.0,9.257072924327506,0.4321020297342624,4.0,6.0,8.0,11.0,19.0
Y3,2026-06,24317,0,0.0,0.0,0.26380966025881286,0.0,0.0,0.0,0.0,0.0
severe,2023-07,24282,35,375.0,375.61524311424876,0.9983620390132526,375.0,375.0,375.0,376.0,377.0
severe,2023-08,24283,34,339.0,339.91173598446966,0.9973177272569625,339.0,339.0,340.0,340.0,342.0
severe,2023-09,24284,33,317.0,318.15605985393756,0.9963663748712871,317.0,317.0,318.0,319.0,320.0
severe,2023-10,24285,32,296.0,297.4403007210324,0.9951576813312086,296.0,296.75,297.0,298.0,299.04999999999995
severe,2023-11,24286,31,320.0,321.78647289986463,0.9944482660076872,320.0,321.0,322.0,323.0,325.0
severe,2023-12,24287,30,309.0,310.9958542031642,0.9935823768188873,309.0,310.0,311.0,312.0,314.0
severe,2024-01,24288,29,299.0,301.4445060846329,0.991890692862896,299.0,300.0,301.0,302.0,304.0
severe,2024-02,24289,28,252.0,254.3245133360922,0.9908600499983251,252.0,253.0,254.0,255.0,257.0
severe,2024-03,24290,27,243.0,245.56323290017636,0.9895618213284464,243.0,244.0,245.0,246.0,248.0
severe,2024-04,24291,26,285.0,288.40189470650984,0.9882043260847098,286.0,287.0,288.0,290.0,292.0
severe,2024-05,24292,25,276.0,279.7256370422994,0.9866811026629783,277.0,278.0,279.0,281.0,283.0
severe,2024-06,24293,24,227.0,230.4345162161653,0.9850954784354291,228.0,229.0,230.0,232.0,234.0
severe,2024-07,24294,23,263.0,267.9090333263319,0.9816764919592974,264.0,266.0,268.0,270.0,273.0
severe,2024-08,24295,22,288.0,293.9066827278929,0.9799028634766991,290.0,292.0,294.0,296.0,299.0
severe,2024-09,24296,21,246.0,251.4891529989186,0.9781734005882067,247.0,249.0,251.0,253.0,257.0
severe,2024-10,24297,20,281.0,288.12080146141784,0.975285361468872,283.0,286.0,288.0,290.0,294.0
severe,2024-11,24298,19,256.0,263.1083398686115,0.9729832210101695,258.0,261.0,263.0,265.0,269.0
severe,2024-12,24299,18,263.0,271.0261426978889,0.9703860940572232,266.0,269.0,271.0,273.0,278.0
severe,2025-01,24300,17,251.0,259.2846414500946,0.9680480825869157,254.0,257.0,259.0,261.0,265.04999999999995
severe,2025-02,24301,16,219.0,226.96477581434752,0.9649074364699546,222.0,225.0,227.0,229.0,233.0
severe,2025-03,24302,15,248.0,257.9260664131027,0.9615158461835926,252.0,256.0,258.0,260.25,265.0
severe,2025-04,24303,14,242.0,252.47607209979958,0.9585066734733636,247.0,250.0,252.0,255.0,260.0
severe,2025-05,24304,13,321.0,336.50755403498334,0.9539161785551739,328.0,333.0,336.0,340.0,345.0
severe,2025-06,24305,12,311.0,328.0338483652613,0.9480728941536108,320.0,324.0,327.5,332.0,338.0
severe,2025-07,24306,11,352.0,374.79608440461726,0.9391773677656478,366.0,371.0,375.0,379.0,386.0
severe,2025-08,24307,10,347.0,371.902724324513,0.9330396829715518,361.0,367.0,372.0,376.0,382.04999999999995
severe,2025-09,24308,9,339.0,366.06072076250274,0.9260758687626048,357.0,361.75,365.0,370.0,377.0
severe,2025-10,24309,8,339.0,369.24847740194394,0.9180809691761651,358.0,364.0,368.0,373.0,382.04999999999995
severe,2025-11,24310,7,339.0,373.1189593394864,0.9085574225445807,362.0,367.0,372.0,378.0,387.0
severe,2025-12,24311,6,364.0,406.2952609849806,0.8959001862772302,390.0,399.0,406.0,413.0,424.0
severe,2026-01,24312,5,356.0,404.4522190169763,0.8802028602173584,388.0,398.0,405.0,413.0,427.04999999999995
severe,2026-02,24313,4,306.0,355.2717459010874,0.8613125122682699,338.0,346.0,354.0,363.0,374.0
severe,2026-03,24314,3,361.0,432.03787499520337,0.8355748902894403,407.0,420.0,431.0,442.0,455.04999999999995
severe,2026-04,24315,2,343.0,431.81448024814847,0.7943225984522104,407.0,421.0,430.0,442.0,461.04999999999995
severe,2026-05,24316,1,333.0,460.796561468235,0.7226616425673033,426.0,445.0,461.0,476.0,498.0
severe,2026-06,24317,0,239.0,470.7569258093625,0.5076930086351726,407.0,442.75,470.0,496.0,540.05
